,Packet_payload,TTP
0,81 18 01 03 03 00 ff 00 00 00 10 00 00 05 00 00 04 01 00 80 00 00 02 00 00 08 00 00 14 00 00 03 00 00 01 00 00 15 00 00 06 00 00 16 00 00 17 00 00 33 00 00 39 00 00 19 00 00 3a 00 00 1a 00 00 18 00 00 35 00 00 09 00 00 0a 00 00 1b 00 00 2f 00 00 34 00 00 3b 00 00 a5 00 00 a3 00 00 a1 00 00 9f 00 00 6b 00 00 6a 00 00 69 00 00 68 00 00 38 00 00 37 00 00 36 00 00 88 00 00 87 00 00 86 00 00 85 00 00 a7 00 00 6d 00 00 89 00 00 9d 00 00 3d 00 00 84 00 00 a4 00 00 a2 00 00 a0 00 00 9e 00 00 67 00 00 40 00 00 3f 00 00 3e 00 00 32 00 00 31 00 00 30 00 00 9a 00 00 99 00 00 98 00 00 97 00 00 45 00 00 44 00 00 43 00 00 42 00 00 a6 00 00 6c 00 00 9b 00 00 46 00 00 9c 00 00 3c 00 00 96 00 00 41 00 00 07 05 00 80 03 00 80 00 00 13 00 00 10 00 00 0d 07 00 c0 00 00 12 00 00 0f 00 00 0c 00 00 11 00 00 ff d0 44 91 bf 1b 3c f8 a0 27 cf b7 29 c5 3b 3d 0c,TA0001 T1190 T1190.000
1,81 18 01 03 03 00 ff 00 00 00 10 00 00 05 00 00 04 01 00 80 00 00 02 00 00 08 00 00 14 00 00 03 00 00 01 00 00 15 00 00 06 00 00 16 00 00 17 00 00 33 00 00 39 00 00 19 00 00 3a 00 00 1a 00 00 18 00 00 35 00 00 09 00 00 0a 00 00 1b 00 00 2f 00 00 34 00 00 3b 00 00 a5 00 00 a3 00 00 a1 00 00 9f 00 00 6b 00 00 6a 00 00 69 00 00 68 00 00 38 00 00 37 00 00 36 00 00 88 00 00 87 00 00 86 00 00 85 00 00 a7 00 00 6d 00 00 89 00 00 9d 00 00 3d 00 00 84 00 00 a4 00 00 a2 00 00 a0 00 00 9e 00 00 67 00 00 40 00 00 3f 00 00 3e 00 00 32 00 00 31 00 00 30 00 00 9a 00 00 99 00 00 98 00 00 97 00 00 45 00 00 44 00 00 43 00 00 42 00 00 a6 00 00 6c 00 00 9b 00 00 46 00 00 9c 00 00 3c 00 00 96 00 00 41 00 00 07 05 00 80 03 00 80 00 00 13 00 00 10 00 00 0d 07 00 c0 00 00 12 00 00 0f 00 00 0c 00 00 11 00 00 ff db 27 b1 3e e1 77 ba ac a3 90 f8 92 da c2 cc 1c,TA0001 T1190 T1190.000
2,81 18 01 03 03 00 ff 00 00 00 10 00 00 05 00 00 04 01 00 80 00 00 02 00 00 08 00 00 14 00 00 03 00 00 01 00 00 15 00 00 06 00 00 16 00 00 17 00 00 33 00 00 39 00 00 19 00 00 3a 00 00 1a 00 00 18 00 00 35 00 00 09 00 00 0a 00 00 1b 00 00 2f 00 00 34 00 00 3b 00 00 a5 00 00 a3 00 00 a1 00 00 9f 00 00 6b 00 00 6a 00 00 69 00 00 68 00 00 38 00 00 37 00 00 36 00 00 88 00 00 87 00 00 86 00 00 85 00 00 a7 00 00 6d 00 00 89 00 00 9d 00 00 3d 00 00 84 00 00 a4 00 00 a2 00 00 a0 00 00 9e 00 00 67 00 00 40 00 00 3f 00 00 3e 00 00 32 00 00 31 00 00 30 00 00 9a 00 00 99 00 00 98 00 00 97 00 00 45 00 00 44 00 00 43 00 00 42 00 00 a6 00 00 6c 00 00 9b 00 00 46 00 00 9c 00 00 3c 00 00 96 00 00 41 00 00 07 05 00 80 03 00 80 00 00 13 00 00 10 00 00 0d 07 00 c0 00 00 12 00 00 0f 00 00 0c 00 00 11 00 00 ff 27 6c 5d b8 88 7a fa 4e 34 a9 75 3d 4b e6 ac 46,TA0001 T1190 T1190.000
3,81 18 01 03 03 00 ff 00 00 00 10 00 00 05 00 00 04 01 00 80 00 00 02 00 00 08 00 00 14 00 00 03 00 00 01 00 00 15 00 00 06 00 00 16 00 00 17 00 00 33 00 00 39 00 00 19 00 00 3a 00 00 1a 00 00 18 00 00 35 00 00 09 00 00 0a 00 00 1b 00 00 2f 00 00 34 00 00 3b 00 00 a5 00 00 a3 00 00 a1 00 00 9f 00 00 6b 00 00 6a 00 00 69 00 00 68 00 00 38 00 00 37 00 00 36 00 00 88 00 00 87 00 00 86 00 00 85 00 00 a7 00 00 6d 00 00 89 00 00 9d 00 00 3d 00 00 84 00 00 a4 00 00 a2 00 00 a0 00 00 9e 00 00 67 00 00 40 00 00 3f 00 00 3e 00 00 32 00 00 31 00 00 30 00 00 9a 00 00 99 00 00 98 00 00 97 00 00 45 00 00 44 00 00 43 00 00 42 00 00 a6 00 00 6c 00 00 9b 00 00 46 00 00 9c 00 00 3c 00 00 96 00 00 41 00 00 07 05 00 80 03 00 80 00 00 13 00 00 10 00 00 0d 07 00 c0 00 00 12 00 00 0f 00 00 0c 00 00 11 00 00 ff aa a0 24 50 31 3c bc 3e 85 7b 20 17 59 cb 27 09,TA0001 T1190 T1190.000
4,81 18 01 03 03 00 ff 00 00 00 10 00 00 05 00 00 04 01 00 80 00 00 02 00 00 08 00 00 14 00 00 03 00 00 01 00 00 15 00 00 06 00 00 16 00 00 17 00 00 33 00 00 39 00 00 19 00 00 3a 00 00 1a 00 00 18 00 00 35 00 00 09 00 00 0a 00 00 1b 00 00 2f 00 00 34 00 00 3b 00 00 a5 00 00 a3 00 00 a1 00 00 9f 00 00 6b 00 00 6a 00 00 69 00 00 68 00 00 38 00 00 37 00 00 36 00 00 88 00 00 87 00 00 86 00 00 85 00 00 a7 00 00 6d 00 00 89 00 00 9d 00 00 3d 00 00 84 00 00 a4 00 00 a2 00 00 a0 00 00 9e 00 00 67 00 00 40 00 00 3f 00 00 3e 00 00 32 00 00 31 00 00 30 00 00 9a 00 00 99 00 00 98 00 00 97 00 00 45 00 00 44 00 00 43 00 00 42 00 00 a6 00 00 6c 00 00 9b 00 00 46 00 00 9c 00 00 3c 00 00 96 00 00 41 00 00 07 05 00 80 03 00 80 00 00 13 00 00 10 00 00 0d 07 00 c0 00 00 12 00 00 0f 00 00 0c 00 00 11 00 00 ff 15 4f 25 ae 12 56 27 f2 74 ad a8 b9 a2 56 fa af,TA0001 T1190 T1190.000
5,81 18 01 03 03 00 ff 00 00 00 10 00 00 05 00 00 04 01 00 80 00 00 02 00 00 08 00 00 14 00 00 03 00 00 01 00 00 15 00 00 06 00 00 16 00 00 17 00 00 33 00 00 39 00 00 19 00 00 3a 00 00 1a 00 00 18 00 00 35 00 00 09 00 00 0a 00 00 1b 00 00 2f 00 00 34 00 00 3b 00 00 a5 00 00 a3 00 00 a1 00 00 9f 00 00 6b 00 00 6a 00 00 69 00 00 68 00 00 38 00 00 37 00 00 36 00 00 88 00 00 87 00 00 86 00 00 85 00 00 a7 00 00 6d 00 00 89 00 00 9d 00 00 3d 00 00 84 00 00 a4 00 00 a2 00 00 a0 00 00 9e 00 00 67 00 00 40 00 00 3f 00 00 3e 00 00 32 00 00 31 00 00 30 00 00 9a 00 00 99 00 00 98 00 00 97 00 00 45 00 00 44 00 00 43 00 00 42 00 00 a6 00 00 6c 00 00 9b 00 00 46 00 00 9c 00 00 3c 00 00 96 00 00 41 00 00 07 05 00 80 03 00 80 00 00 13 00 00 10 00 00 0d 07 00 c0 00 00 12 00 00 0f 00 00 0c 00 00 11 00 00 ff 41 a7 db 90 1e 27 bf 36 70 0b ef e2 ac 10 ae 38,TA0001 T1190 T1190.000
6,81 18 01 03 03 00 ff 00 00 00 10 00 00 05 00 00 04 01 00 80 00 00 02 00 00 08 00 00 14 00 00 03 00 00 01 00 00 15 00 00 06 00 00 16 00 00 17 00 00 33 00 00 39 00 00 19 00 00 3a 00 00 1a 00 00 18 00 00 35 00 00 09 00 00 0a 00 00 1b 00 00 2f 00 00 34 00 00 3b 00 00 a5 00 00 a3 00 00 a1 00 00 9f 00 00 6b 00 00 6a 00 00 69 00 00 68 00 00 38 00 00 37 00 00 36 00 00 88 00 00 87 00 00 86 00 00 85 00 00 a7 00 00 6d 00 00 89 00 00 9d 00 00 3d 00 00 84 00 00 a4 00 00 a2 00 00 a0 00 00 9e 00 00 67 00 00 40 00 00 3f 00 00 3e 00 00 32 00 00 31 00 00 30 00 00 9a 00 00 99 00 00 98 00 00 97 00 00 45 00 00 44 00 00 43 00 00 42 00 00 a6 00 00 6c 00 00 9b 00 00 46 00 00 9c 00 00 3c 00 00 96 00 00 41 00 00 07 05 00 80 03 00 80 00 00 13 00 00 10 00 00 0d 07 00 c0 00 00 12 00 00 0f 00 00 0c 00 00 11 00 00 ff 38 c7 1f 67 77 46 fb 53 65 27 7d ba 6e 8d 87 0a,TA0001 T1190 T1190.000
7,81 18 01 03 03 00 ff 00 00 00 10 00 00 05 00 00 04 01 00 80 00 00 02 00 00 08 00 00 14 00 00 03 00 00 01 00 00 15 00 00 06 00 00 16 00 00 17 00 00 33 00 00 39 00 00 19 00 00 3a 00 00 1a 00 00 18 00 00 35 00 00 09 00 00 0a 00 00 1b 00 00 2f 00 00 34 00 00 3b 00 00 a5 00 00 a3 00 00 a1 00 00 9f 00 00 6b 00 00 6a 00 00 69 00 00 68 00 00 38 00 00 37 00 00 36 00 00 88 00 00 87 00 00 86 00 00 85 00 00 a7 00 00 6d 00 00 89 00 00 9d 00 00 3d 00 00 84 00 00 a4 00 00 a2 00 00 a0 00 00 9e 00 00 67 00 00 40 00 00 3f 00 00 3e 00 00 32 00 00 31 00 00 30 00 00 9a 00 00 99 00 00 98 00 00 97 00 00 45 00 00 44 00 00 43 00 00 42 00 00 a6 00 00 6c 00 00 9b 00 00 46 00 00 9c 00 00 3c 00 00 96 00 00 41 00 00 07 05 00 80 03 00 80 00 00 13 00 00 10 00 00 0d 07 00 c0 00 00 12 00 00 0f 00 00 0c 00 00 11 00 00 ff ac 26 31 03 2d 27 32 da 32 8c c3 b9 97 98 5a 36,TA0001 T1190 T1190.000
8,81 18 01 03 03 00 ff 00 00 00 10 00 00 05 00 00 04 01 00 80 00 00 02 00 00 08 00 00 14 00 00 03 00 00 01 00 00 15 00 00 06 00 00 16 00 00 17 00 00 33 00 00 39 00 00 19 00 00 3a 00 00 1a 00 00 18 00 00 35 00 00 09 00 00 0a 00 00 1b 00 00 2f 00 00 34 00 00 3b 00 00 a5 00 00 a3 00 00 a1 00 00 9f 00 00 6b 00 00 6a 00 00 69 00 00 68 00 00 38 00 00 37 00 00 36 00 00 88 00 00 87 00 00 86 00 00 85 00 00 a7 00 00 6d 00 00 89 00 00 9d 00 00 3d 00 00 84 00 00 a4 00 00 a2 00 00 a0 00 00 9e 00 00 67 00 00 40 00 00 3f 00 00 3e 00 00 32 00 00 31 00 00 30 00 00 9a 00 00 99 00 00 98 00 00 97 00 00 45 00 00 44 00 00 43 00 00 42 00 00 a6 00 00 6c 00 00 9b 00 00 46 00 00 9c 00 00 3c 00 00 96 00 00 41 00 00 07 05 00 80 03 00 80 00 00 13 00 00 10 00 00 0d 07 00 c0 00 00 12 00 00 0f 00 00 0c 00 00 11 00 00 ff e9 95 ea 52 fe 27 d4 04 13 53 f0 24 24 2e 38 a4,TA0001 T1190 T1190.000
9,81 18 01 03 03 00 ff 00 00 00 10 00 00 05 00 00 04 01 00 80 00 00 02 00 00 08 00 00 14 00 00 03 00 00 01 00 00 15 00 00 06 00 00 16 00 00 17 00 00 33 00 00 39 00 00 19 00 00 3a 00 00 1a 00 00 18 00 00 35 00 00 09 00 00 0a 00 00 1b 00 00 2f 00 00 34 00 00 3b 00 00 a5 00 00 a3 00 00 a1 00 00 9f 00 00 6b 00 00 6a 00 00 69 00 00 68 00 00 38 00 00 37 00 00 36 00 00 88 00 00 87 00 00 86 00 00 85 00 00 a7 00 00 6d 00 00 89 00 00 9d 00 00 3d 00 00 84 00 00 a4 00 00 a2 00 00 a0 00 00 9e 00 00 67 00 00 40 00 00 3f 00 00 3e 00 00 32 00 00 31 00 00 30 00 00 9a 00 00 99 00 00 98 00 00 97 00 00 45 00 00 44 00 00 43 00 00 42 00 00 a6 00 00 6c 00 00 9b 00 00 46 00 00 9c 00 00 3c 00 00 96 00 00 41 00 00 07 05 00 80 03 00 80 00 00 13 00 00 10 00 00 0d 07 00 c0 00 00 12 00 00 0f 00 00 0c 00 00 11 00 00 ff 63 27 82 4c 5a 12 5b 84 fc 33 37 16 59 89 4a bc,TA0001 T1190 T1190.000
10,81 18 01 03 03 00 ff 00 00 00 10 00 00 05 00 00 04 01 00 80 00 00 02 00 00 08 00 00 14 00 00 03 00 00 01 00 00 15 00 00 06 00 00 16 00 00 17 00 00 33 00 00 39 00 00 19 00 00 3a 00 00 1a 00 00 18 00 00 35 00 00 09 00 00 0a 00 00 1b 00 00 2f 00 00 34 00 00 3b 00 00 a5 00 00 a3 00 00 a1 00 00 9f 00 00 6b 00 00 6a 00 00 69 00 00 68 00 00 38 00 00 37 00 00 36 00 00 88 00 00 87 00 00 86 00 00 85 00 00 a7 00 00 6d 00 00 89 00 00 9d 00 00 3d 00 00 84 00 00 a4 00 00 a2 00 00 a0 00 00 9e 00 00 67 00 00 40 00 00 3f 00 00 3e 00 00 32 00 00 31 00 00 30 00 00 9a 00 00 99 00 00 98 00 00 97 00 00 45 00 00 44 00 00 43 00 00 42 00 00 a6 00 00 6c 00 00 9b 00 00 46 00 00 9c 00 00 3c 00 00 96 00 00 41 00 00 07 05 00 80 03 00 80 00 00 13 00 00 10 00 00 0d 07 00 c0 00 00 12 00 00 0f 00 00 0c 00 00 11 00 00 ff 3d 8d 06 1f d7 ea a0 00 e5 27 fe ca 9b 96 98 c7,TA0001 T1190 T1190.000
11,81 18 01 03 03 00 ff 00 00 00 10 00 00 05 00 00 04 01 00 80 00 00 02 00 00 08 00 00 14 00 00 03 00 00 01 00 00 15 00 00 06 00 00 16 00 00 17 00 00 33 00 00 39 00 00 19 00 00 3a 00 00 1a 00 00 18 00 00 35 00 00 09 00 00 0a 00 00 1b 00 00 2f 00 00 34 00 00 3b 00 00 a5 00 00 a3 00 00 a1 00 00 9f 00 00 6b 00 00 6a 00 00 69 00 00 68 00 00 38 00 00 37 00 00 36 00 00 88 00 00 87 00 00 86 00 00 85 00 00 a7 00 00 6d 00 00 89 00 00 9d 00 00 3d 00 00 84 00 00 a4 00 00 a2 00 00 a0 00 00 9e 00 00 67 00 00 40 00 00 3f 00 00 3e 00 00 32 00 00 31 00 00 30 00 00 9a 00 00 99 00 00 98 00 00 97 00 00 45 00 00 44 00 00 43 00 00 42 00 00 a6 00 00 6c 00 00 9b 00 00 46 00 00 9c 00 00 3c 00 00 96 00 00 41 00 00 07 05 00 80 03 00 80 00 00 13 00 00 10 00 00 0d 07 00 c0 00 00 12 00 00 0f 00 00 0c 00 00 11 00 00 ff e9 52 27 98 6a a5 1b 5f 9b 0c fb e5 62 89 86 f2,TA0001 T1190 T1190.000
12,81 18 01 03 03 00 ff 00 00 00 10 00 00 05 00 00 04 01 00 80 00 00 02 00 00 08 00 00 14 00 00 03 00 00 01 00 00 15 00 00 06 00 00 16 00 00 17 00 00 33 00 00 39 00 00 19 00 00 3a 00 00 1a 00 00 18 00 00 35 00 00 09 00 00 0a 00 00 1b 00 00 2f 00 00 34 00 00 3b 00 00 a5 00 00 a3 00 00 a1 00 00 9f 00 00 6b 00 00 6a 00 00 69 00 00 68 00 00 38 00 00 37 00 00 36 00 00 88 00 00 87 00 00 86 00 00 85 00 00 a7 00 00 6d 00 00 89 00 00 9d 00 00 3d 00 00 84 00 00 a4 00 00 a2 00 00 a0 00 00 9e 00 00 67 00 00 40 00 00 3f 00 00 3e 00 00 32 00 00 31 00 00 30 00 00 9a 00 00 99 00 00 98 00 00 97 00 00 45 00 00 44 00 00 43 00 00 42 00 00 a6 00 00 6c 00 00 9b 00 00 46 00 00 9c 00 00 3c 00 00 96 00 00 41 00 00 07 05 00 80 03 00 80 00 00 13 00 00 10 00 00 0d 07 00 c0 00 00 12 00 00 0f 00 00 0c 00 00 11 00 00 ff 27 40 16 e9 d8 70 fb 0a b4 02 81 cd ec f8 79 bc,TA0001 T1190 T1190.000
13,81 18 01 03 03 00 ff 00 00 00 10 00 00 05 00 00 04 01 00 80 00 00 02 00 00 08 00 00 14 00 00 03 00 00 01 00 00 15 00 00 06 00 00 16 00 00 17 00 00 33 00 00 39 00 00 19 00 00 3a 00 00 1a 00 00 18 00 00 35 00 00 09 00 00 0a 00 00 1b 00 00 2f 00 00 34 00 00 3b 00 00 a5 00 00 a3 00 00 a1 00 00 9f 00 00 6b 00 00 6a 00 00 69 00 00 68 00 00 38 00 00 37 00 00 36 00 00 88 00 00 87 00 00 86 00 00 85 00 00 a7 00 00 6d 00 00 89 00 00 9d 00 00 3d 00 00 84 00 00 a4 00 00 a2 00 00 a0 00 00 9e 00 00 67 00 00 40 00 00 3f 00 00 3e 00 00 32 00 00 31 00 00 30 00 00 9a 00 00 99 00 00 98 00 00 97 00 00 45 00 00 44 00 00 43 00 00 42 00 00 a6 00 00 6c 00 00 9b 00 00 46 00 00 9c 00 00 3c 00 00 96 00 00 41 00 00 07 05 00 80 03 00 80 00 00 13 00 00 10 00 00 0d 07 00 c0 00 00 12 00 00 0f 00 00 0c 00 00 11 00 00 ff 32 0d 9a 5b 7d 64 fa ac 9b c2 6c 49 79 75 ac 27,TA0001 T1190 T1190.000
14,81 18 01 03 03 00 ff 00 00 00 10 00 00 05 00 00 04 01 00 80 00 00 02 00 00 08 00 00 14 00 00 03 00 00 01 00 00 15 00 00 06 00 00 16 00 00 17 00 00 33 00 00 39 00 00 19 00 00 3a 00 00 1a 00 00 18 00 00 35 00 00 09 00 00 0a 00 00 1b 00 00 2f 00 00 34 00 00 3b 00 00 a5 00 00 a3 00 00 a1 00 00 9f 00 00 6b 00 00 6a 00 00 69 00 00 68 00 00 38 00 00 37 00 00 36 00 00 88 00 00 87 00 00 86 00 00 85 00 00 a7 00 00 6d 00 00 89 00 00 9d 00 00 3d 00 00 84 00 00 a4 00 00 a2 00 00 a0 00 00 9e 00 00 67 00 00 40 00 00 3f 00 00 3e 00 00 32 00 00 31 00 00 30 00 00 9a 00 00 99 00 00 98 00 00 97 00 00 45 00 00 44 00 00 43 00 00 42 00 00 a6 00 00 6c 00 00 9b 00 00 46 00 00 9c 00 00 3c 00 00 96 00 00 41 00 00 07 05 00 80 03 00 80 00 00 13 00 00 10 00 00 0d 07 00 c0 00 00 12 00 00 0f 00 00 0c 00 00 11 00 00 ff 21 88 f4 5f 43 d1 b5 27 5c 84 79 bb cd a7 ca a9,TA0001 T1190 T1190.000
15,81 18 01 03 03 00 ff 00 00 00 10 00 00 05 00 00 04 01 00 80 00 00 02 00 00 08 00 00 14 00 00 03 00 00 01 00 00 15 00 00 06 00 00 16 00 00 17 00 00 33 00 00 39 00 00 19 00 00 3a 00 00 1a 00 00 18 00 00 35 00 00 09 00 00 0a 00 00 1b 00 00 2f 00 00 34 00 00 3b 00 00 a5 00 00 a3 00 00 a1 00 00 9f 00 00 6b 00 00 6a 00 00 69 00 00 68 00 00 38 00 00 37 00 00 36 00 00 88 00 00 87 00 00 86 00 00 85 00 00 a7 00 00 6d 00 00 89 00 00 9d 00 00 3d 00 00 84 00 00 a4 00 00 a2 00 00 a0 00 00 9e 00 00 67 00 00 40 00 00 3f 00 00 3e 00 00 32 00 00 31 00 00 30 00 00 9a 00 00 99 00 00 98 00 00 97 00 00 45 00 00 44 00 00 43 00 00 42 00 00 a6 00 00 6c 00 00 9b 00 00 46 00 00 9c 00 00 3c 00 00 96 00 00 41 00 00 07 05 00 80 03 00 80 00 00 13 00 00 10 00 00 0d 07 00 c0 00 00 12 00 00 0f 00 00 0c 00 00 11 00 00 ff bf 94 4e e3 1f d3 ba 5b d3 27 da 53 45 e6 a2 20,TA0001 T1190 T1190.000
16,81 18 01 03 03 00 ff 00 00 00 10 00 00 05 00 00 04 01 00 80 00 00 02 00 00 08 00 00 14 00 00 03 00 00 01 00 00 15 00 00 06 00 00 16 00 00 17 00 00 33 00 00 39 00 00 19 00 00 3a 00 00 1a 00 00 18 00 00 35 00 00 09 00 00 0a 00 00 1b 00 00 2f 00 00 34 00 00 3b 00 00 a5 00 00 a3 00 00 a1 00 00 9f 00 00 6b 00 00 6a 00 00 69 00 00 68 00 00 38 00 00 37 00 00 36 00 00 88 00 00 87 00 00 86 00 00 85 00 00 a7 00 00 6d 00 00 89 00 00 9d 00 00 3d 00 00 84 00 00 a4 00 00 a2 00 00 a0 00 00 9e 00 00 67 00 00 40 00 00 3f 00 00 3e 00 00 32 00 00 31 00 00 30 00 00 9a 00 00 99 00 00 98 00 00 97 00 00 45 00 00 44 00 00 43 00 00 42 00 00 a6 00 00 6c 00 00 9b 00 00 46 00 00 9c 00 00 3c 00 00 96 00 00 41 00 00 07 05 00 80 03 00 80 00 00 13 00 00 10 00 00 0d 07 00 c0 00 00 12 00 00 0f 00 00 0c 00 00 11 00 00 ff 27 98 54 03 49 24 44 be 93 d3 a6 8e a1 fa f5 91,TA0001 T1190 T1190.000
17,81 18 01 03 03 00 ff 00 00 00 10 00 00 05 00 00 04 01 00 80 00 00 02 00 00 08 00 00 14 00 00 03 00 00 01 00 00 15 00 00 06 00 00 16 00 00 17 00 00 33 00 00 39 00 00 19 00 00 3a 00 00 1a 00 00 18 00 00 35 00 00 09 00 00 0a 00 00 1b 00 00 2f 00 00 34 00 00 3b 00 00 a5 00 00 a3 00 00 a1 00 00 9f 00 00 6b 00 00 6a 00 00 69 00 00 68 00 00 38 00 00 37 00 00 36 00 00 88 00 00 87 00 00 86 00 00 85 00 00 a7 00 00 6d 00 00 89 00 00 9d 00 00 3d 00 00 84 00 00 a4 00 00 a2 00 00 a0 00 00 9e 00 00 67 00 00 40 00 00 3f 00 00 3e 00 00 32 00 00 31 00 00 30 00 00 9a 00 00 99 00 00 98 00 00 97 00 00 45 00 00 44 00 00 43 00 00 42 00 00 a6 00 00 6c 00 00 9b 00 00 46 00 00 9c 00 00 3c 00 00 96 00 00 41 00 00 07 05 00 80 03 00 80 00 00 13 00 00 10 00 00 0d 07 00 c0 00 00 12 00 00 0f 00 00 0c 00 00 11 00 00 ff f3 b9 1e 3f 4a 16 47 a6 df 51 a8 d7 c9 c6 27 70,TA0001 T1190 T1190.000
18,53 54 4f 52 20 2f 56 69 64 65 6f 2e 73 63 72 0d 0a,TA0011 T1071 T1071.002
19,53 54 4f 52 20 49 4d 47 30 30 31 2e 65 78 65 0d 0a,TA0011 T1071 T1071.002
20,53 54 4f 52 20 2f 41 56 2e 73 63 72 0d 0a,TA0011 T1071 T1071.002
21,53 54 4f 52 20 2f 2f 56 69 64 65 6f 2e 73 63 72 0d 0a,TA0011 T1071 T1071.002
22,53 54 4f 52 20 2f 2f 50 68 6f 74 6f 2e 73 63 72 0d 0a,TA0011 T1071 T1071.002
23,53 54 4f 52 20 69 6e 66 6f 2e 7a 69 70 0d 0a,TA0011 T1071 T1071.002
24,53 54 4f 52 20 2f 2f 41 56 2e 73 63 72 0d 0a,TA0011 T1071 T1071.002
25,53 54 4f 52 20 2f 50 68 6f 74 6f 2e 6c 6e 6b 0d 0a,TA0011 T1071 T1071.002
26,53 54 4f 52 20 2f 50 68 6f 74 6f 2e 73 63 72 0d 0a,TA0011 T1071 T1071.002
27,53 54 4f 52 20 2e 68 74 61 63 63 65 73 73 0d 0a,TA0011 T1071 T1071.002
28,53 54 4f 52 20 2f 50 68 6f 74 6f 2e 73 63 72 0d 0a 54 59 50 45 20 49 0d 0a 54 59 50 45 20 49 0d 0a 54 59 50 45 20 49 0d 0a 54 59 50 45 20 49 0d 0a 54 59 50 45 20 49 0d 0a,TA0011 T1071 T1071.002
29,53 54 4f 52 20 2f 50 68 6f 74 6f 2e 73 63 72 0d 0a 54 59 50 45 20 49 0d 0a,TA0011 T1071 T1071.002
30,50 41 53 56 0d 0a,TA0011 T1071 T1071.002
31,45 50 53 56 0d 0a,TA0011 T1071 T1071.002
32,54 59 50 45 20 41 0d 0a,TA0011 T1071 T1071.002
33,54 59 50 45 20 49 0d 0a,TA0011 T1071 T1071.002
34,54 59 50 45 20 49 0d 0a 54 59 50 45 20 49 0d 0a 54 59 50 45 20 41 0d 0a,TA0011 T1071 T1071.002
35,54 59 50 45 20 49 0d 0a 50 41 53 56 0d 0a,TA0011 T1071 T1071.002
36,54 59 50 45 20 49 0d 0a 54 59 50 45 20 49 0d 0a,TA0011 T1071 T1071.002
37,54 59 50 45 20 49 0d 0a 54 59 50 45 20 49 0d 0a 54 59 50 45 20 49 0d 0a 54 59 50 45 20 41 0d 0a,TA0011 T1071 T1071.002
38,54 59 50 45 20 49 0d 0a 54 59 50 45 20 41 0d 0a,TA0011 T1071 T1071.002
39,54 59 50 45 20 49 0d 0a 50 41 53 56 0d 0a 54 59 50 45 20 41 0d 0a,TA0011 T1071 T1071.002
40,54 59 50 45 20 49 0d 0a 54 59 50 45 20 49 0d 0a 54 59 50 45 20 49 0d 0a 54 59 50 45 20 49 0d 0a 54 59 50 45 20 41 0d 0a,TA0011 T1071 T1071.002
41,54 59 50 45 20 49 0d 0a 54 59 50 45 20 49 0d 0a 54 59 50 45 20 49 0d 0a,TA0011 T1071 T1071.002
42,54 59 50 45 20 49 0d 0a 50 41 53 56 0d 0a 54 59 50 45 20 49 0d 0a 54 59 50 45 20 41 0d 0a,TA0011 T1071 T1071.002
43,54 59 50 45 20 49 0d 0a 54 59 50 45 20 49 0d 0a 50 41 53 56 0d 0a,TA0011 T1071 T1071.002
44,50 41 53 56 0d 0a 50 41 53 56 0d 0a,TA0011 T1071 T1071.002
45,50 41 53 56 0d 0a 4c 49 53 54 0d 0a,TA0011 T1071 T1071.002
46,50 41 53 56 0d 0a 50 41 53 56 0d 0a 50 41 53 56 0d 0a,TA0011 T1071 T1071.002
47,50 41 53 56 0d 0a 4e 4c 53 54 0d 0a,TA0011 T1071 T1071.002
48,50 41 53 56 0d 0a 50 41 53 56 0d 0a 54 59 50 45 20 41 0d 0a,TA0011 T1071 T1071.002
49,50 41 53 56 0d 0a 50 41 53 56 0d 0a 50 41 53 56 0d 0a 50 41 53 56 0d 0a,TA0011 T1071 T1071.002
50,50 41 53 56 0d 0a 54 59 50 45 20 41 0d 0a,TA0011 T1071 T1071.002
51,54 59 50 45 20 41 0d 0a 50 41 53 56 0d 0a 4c 49 53 54 0d 0a,TA0011 T1071 T1071.002
52,4f 50 54 53 20 55 54 46 38 20 4f 4e 0d 0a,TA0011 T1071 T1071.002
53,54 59 50 45 20 41 0d 0a 50 41 53 56 0d 0a,TA0011 T1071 T1071.002
54,54 59 50 45 20 41 0d 0a 50 41 53 56 0d 0a 4e 4c 53 54 0d 0a,TA0011 T1071 T1071.002
55,50 41 53 56 0d 0a 54 59 50 45 20 49 0d 0a,TA0011 T1071 T1071.002
56,50 41 53 56 0d 0a 50 41 53 56 0d 0a 50 41 53 56 0d 0a 54 59 50 45 20 41 0d 0a,TA0011 T1071 T1071.002
57,50 41 53 56 0d 0a 50 41 53 56 0d 0a 50 41 53 56 0d 0a 50 41 53 56 0d 0a 54 59 50 45 20 41 0d 0a,TA0011 T1071 T1071.002
58,50 41 53 56 0d 0a 50 41 53 56 0d 0a 50 41 53 56 0d 0a 50 41 53 56 0d 0a 50 41 53 56 0d 0a 54 59 50 45 20 41 0d 0a,TA0011 T1071 T1071.002
59,50 41 53 56 0d 0a 54 59 50 45 20 41 0d 0a 50 41 53 56 0d 0a,TA0011 T1071 T1071.002
60,50 41 53 56 0d 0a 54 59 50 45 20 49 0d 0a 50 41 53 56 0d 0a,TA0011 T1071 T1071.002
61,2a 31 0d 0a 24 34 0d 0a 49 4e 46 4f 0d 0a,TA0001 T1018 T1018.000
62,2a 31 0d 0a 24 34 0d 0a 50 49 4e 47 0d 0a,TA0001 T1018 T1018.000
63,45 48 4c 4f 20 73 68 2d 63 68 69 2d 75 73 2d 67 70 31 2d 77 6b 31 30 32 2e 69 6e 74 65 72 6e 65 74 2d 63 65 6e 73 75 73 2e 6f 72 67 0d 0a,TA0011 T1190 T1005.000
64,45 48 4c 4f 20 73 68 2d 63 68 69 2d 75 73 2d 67 70 31 2d 77 6b 31 30 35 2e 69 6e 74 65 72 6e 65 74 2d 63 65 6e 73 75 73 2e 6f 72 67 0d 0a,TA0011 T1190 T1005.000
65,45 48 4c 4f 20 73 68 2d 70 68 78 2d 75 73 2d 67 70 31 2d 77 6b 31 30 36 2e 69 6e 74 65 72 6e 65 74 2d 63 65 6e 73 75 73 2e 6f 72 67 0d 0a,TA0011 T1190 T1005.000
66,45 48 4c 4f 20 73 68 2d 70 68 78 2d 75 73 2d 67 70 31 2d 77 6b 31 31 32 2e 69 6e 74 65 72 6e 65 74 2d 63 65 6e 73 75 73 2e 6f 72 67 0d 0a,TA0011 T1190 T1005.000
67,45 48 4c 4f 20 73 68 2d 61 6d 73 2d 6e 6c 2d 67 70 31 2d 77 6b 31 31 30 2e 69 6e 74 65 72 6e 65 74 2d 63 65 6e 73 75 73 2e 6f 72 67 0d 0a,TA0011 T1190 T1005.000
68,45 48 4c 4f 20 73 68 2d 61 6d 73 2d 6e 6c 2d 67 70 31 2d 77 6b 31 30 34 2e 69 6e 74 65 72 6e 65 74 2d 63 65 6e 73 75 73 2e 6f 72 67 0d 0a,TA0011 T1190 T1005.000
69,45 48 4c 4f 20 73 68 2d 61 6d 73 2d 75 73 2d 67 70 31 2d 77 6b 31 31 33 2e 69 6e 74 65 72 6e 65 74 2d 63 65 6e 73 75 73 2e 6f 72 67 0d 0a,TA0011 T1190 T1005.000
70,45 48 4c 4f 20 73 68 2d 70 68 78 2d 75 73 2d 67 70 31 2d 77 6b 31 30 39 2e 69 6e 74 65 72 6e 65 74 2d 63 65 6e 73 75 73 2e 6f 72 67 0d 0a,TA0011 T1190 T1005.000
71,45 48 4c 4f 20 73 68 2d 70 68 78 2d 75 73 2d 67 70 31 2d 77 6b 31 30 33 2e 69 6e 74 65 72 6e 65 74 2d 63 65 6e 73 75 73 2e 6f 72 67 0d 0a,TA0011 T1190 T1005.000
72,45 48 4c 4f 20 73 68 2d 61 6d 73 2d 6e 6c 2d 67 70 31 2d 77 6b 31 30 37 2e 69 6e 74 65 72 6e 65 74 2d 63 65 6e 73 75 73 2e 6f 72 67 0d 0a,TA0011 T1190 T1005.000
73,45 48 4c 4f 20 73 68 2d 61 6d 73 2d 6e 6c 2d 67 70 31 2d 77 6b 31 30 31 2e 69 6e 74 65 72 6e 65 74 2d 63 65 6e 73 75 73 2e 6f 72 67 0d 0a,TA0011 T1190 T1005.000
74,45 48 4c 4f 20 73 68 2d 63 68 69 2d 75 73 2d 67 70 31 2d 77 6b 31 31 31 2e 69 6e 74 65 72 6e 65 74 2d 63 65 6e 73 75 73 2e 6f 72 67 0d 0a,TA0011 T1190 T1005.000
75,45 48 4c 4f 20 73 68 2d 63 68 69 2d 75 73 2d 67 70 31 2d 77 6b 31 30 38 2e 69 6e 74 65 72 6e 65 74 2d 63 65 6e 73 75 73 2e 6f 72 67 0d 0a,TA0011 T1190 T1005.000
76,41 55 54 48 20 54 4c 53 0d 0a,TA0011 T1071 T1071.002
77,41 55 54 48 20 53 53 4c 0d 0a,TA0011 T1071 T1071.002
78,66 6f 78 20 61 20 31 20 2d 31 20 66 6f 78 20 68 65 6c 6c 6f 0a 7b 0a 66 6f 78 2e 76 65 72 73 69 6f 6e 3d 73 3a 31 2e 30 0a 69 64 3d 69 3a 31 0a 68 6f 73 74 4e 61 6d 65 3d 73 3a 78 70 76 6d 2d 30 6f 6d 64 63 30 31 78 6d 79 0a 68 6f 73 74 41 64 64 72 65 73 73 3d 73 3a 31 39 32 2e 31 36 38 2e 31 2e 31 32 35 0a 61 70 70 2e 6e 61 6d 65 3d 73 3a 57 6f 72 6b 62 65 6e 63 68 0a 61 70 70 2e 76 65 72 73 69 6f 6e 3d 73 3a 33 2e 37 2e 34 34 0a 76 6d 2e 6e 61 6d 65 3d 73 3a 4a 61 76 61 20 48 6f 74 53 70 6f 74 28 54 4d 29 20 53 65 72 76 65 72 20 56 4d 0a 76 6d 2e 76 65 72 73 69 6f 6e 3d 73 3a 32 30 2e 34 2d 62 30 32 0a 6f 73 2e 6e 61 6d 65 3d 73 3a 57 69 6e 64 6f 77 73 20 58 50 0a 6f 73 2e 76 65 72 73 69 6f 6e 3d 73 3a 35 2e 31 0a 6c 61 6e 67 3d 73 3a 65 6e 0a 74 69 6d 65 5a 6f 6e 65 3d 73 3a 41 6d 65 72 69 63 61 2f 4c 6f 73 5f 41 6e 67 65 6c 65 73 3b 2d 32 38 38 30 30 30 30 30 3b 33 36 30 30 30 30 30 3b 30 32 3a 30 30 3a 30 30 2e 30 30 30 2c 77 61 6c 6c 2c 6d 61 72 63 68 2c 38 2c 6f 6e 20 6f 72 20 61 66 74 65 72 2c 73 75 6e 64 61 79 2c 75 6e 64 65 66 69 6e 65 64 3b 30 32 3a 30 30 3a 30 30 2e 30 30 30 2c 77 61 6c 6c 2c 6e 6f 76 65 6d 62 65 72 2c 31 2c 6f 6e 20 6f 72 20 61 66 74 65 72 2c 73 75 6e 64 61 79 2c 75 6e 64 65 66 69 6e 65 64 0a 68 6f 73 74 49 64 3d 73 3a 57 69 6e 2d 39 39 43 42 2d 44 34 39 44 2d 35 34 34 32 2d 30 37 42 42 0a 76 6d 55 75 69 64 3d 73 3a 38 62 35 33 30 62 63 38 2d 37 36 63 35 2d 34 31 33 39 2d 61 32 65 61 2d 30 66 61 62 64 33 39 34 64 33 30 35 0a 62 72 61 6e 64 49 64 3d 73 3a 76 79 6b 6f 6e 0a 7d 3b 3b 0a,TA0001 T1190 T1046.000
79,74 33 20 31 32 2e 32 2e 31 0a 41 53 3a 32 35 35 0a 48 4c 3a 31 39 0a 4d 53 3a 31 30 30 30 30 30 30 30 0a 0a,TA0001 T1190 T1046.000
80,01 64 65 66 61 75 6c 74 0a,TA0002 T1059 T1059.004
81,4f 50 54 49 4f 4e 53 20 2f 20 52 54 53 50 2f 31 2e 30 0d 0a 0d 0a,TA0011 T1071 T1071.002
82,0a 0a,TA0011 T1071 T1071.002
83,43 57 44 20 2f 0d 0a,TA0011 T1071 T1071.002
84,53 54 41 54 0d 0a,TA0011 T1071 T1071.002
85,0d 0a,TA0011 T1071 T1071.002
86,50 57 44 0d 0a,TA0011 T1071 T1071.002
87,50 41 53 53 0d 0a,TA0011 T1071 T1071.002
88,48 45 4c 50 0d 0a 53 54 41 54 0d 0a 4c 49 53 54 0d 0a,TA0011 T1071 T1071.002
89,61 30 30 31 20 43 4c 4f 53 45 0d 0a,TA0011 T1071 T1071.002
90,76 65 72 73 69 6f 6e 0d 0a,TA0011 T1071 T1071.002
91,46 45 41 54 0d 0a,TA0011 T1071 T1071.002
92,48 45 4c 50 0d 0a,TA0011 T1071 T1071.002
93,48 45 4c 50 20 53 49 54 45 0d 0a,TA0011 T1071 T1071.002
94,53 59 53 54 0d 0a,TA0011 T1071 T1071.002
95,51 55 49 54 0d 0a,TA0011 T1071 T1071.002
96,4c 49 53 54 0d 0a,TA0011 T1071 T1071.002
97,4e 4c 53 54 0d 0a,TA0011 T1071 T1071.002
98,45 48 4c 4f 0d 0a,TA0011 T1071 T1071.002
99,4c 49 53 54 20 2f 0d 0a,TA0011 T1071 T1071.002
100,4f 50 54 53 20 75 74 66 38 20 6f 6e 0d 0a,TA0011 T1071 T1071.002
101,4d 4c 53 54 20 77 77 77 2e 7a 69 70 0d 0a,TA0011 T1071 T1071.002
102,53 49 5a 45 20 77 77 77 2e 7a 69 70 0d 0a,TA0011 T1071 T1071.002
103,50 41 53 56 0d 0a 53 54 4f 52 20 2f 2f 56 69 64 65 6f 2e 6c 6e 6b 0d 0a,TA0011 T1071 T1071.002
104,53 54 4f 52 20 2f 41 56 2e 6c 6e 6b 0d 0a,TA0011 T1071 T1071.002
105,53 54 4f 52 20 2f 2f 41 56 2e 6c 6e 6b 0d 0a 54 59 50 45 20 41 0d 0a,TA0011 T1071 T1071.002
106,53 54 4f 52 20 2f 2f 56 69 64 65 6f 2e 6c 6e 6b 0d 0a,TA0011 T1071 T1071.002
107,53 54 4f 52 20 2f 2f 50 68 6f 74 6f 2e 6c 6e 6b 0d 0a,TA0011 T1071 T1071.002
108,53 54 4f 52 20 2f 2f 41 56 2e 6c 6e 6b 0d 0a,TA0011 T1071 T1071.002
109,53 54 4f 52 20 2f 2f 41 56 2e 73 63 72 0d 0a 50 41 53 56 0d 0a,TA0011 T1071 T1071.002
110,53 54 4f 52 20 2f 2f 41 56 2e 73 63 72 0d 0a 50 41 53 56 0d 0a 50 41 53 56 0d 0a,TA0011 T1071 T1071.002
111,53 54 4f 52 20 2f 56 69 64 65 6f 2e 6c 6e 6b 0d 0a,TA0011 T1071 T1071.002
112,50 41 53 56 0d 0a 53 54 4f 52 20 2f 41 56 2e 6c 6e 6b 0d 0a,TA0011 T1071 T1071.002
113,50 41 53 56 0d 0a 53 54 4f 52 20 2f 2f 41 56 2e 6c 6e 6b 0d 0a,TA0011 T1071 T1071.002
114,50 41 53 56 0d 0a 53 54 4f 52 20 2f 2f 41 56 2e 73 63 72 0d 0a 50 41 53 56 0d 0a 50 41 53 56 0d 0a 50 41 53 56 0d 0a,TA0011 T1071 T1071.002
115,54 59 50 45 20 49 0d 0a 50 41 53 56 0d 0a 53 54 4f 52 20 2f 41 56 2e 6c 6e 6b 0d 0a,TA0011 T1071 T1071.002
116,50 41 53 56 0d 0a 53 54 4f 52 20 2f 50 68 6f 74 6f 2e 6c 6e 6b 0d 0a,TA0011 T1071 T1071.002
117,50 41 53 56 0d 0a 53 54 4f 52 20 2f 2f 50 68 6f 74 6f 2e 6c 6e 6b 0d 0a 50 41 53 56 0d 0a 50 41 53 56 0d 0a 54 59 50 45 20 41 0d 0a,TA0011 T1071 T1071.002
118,53 54 4f 52 20 2f 41 56 2e 6c 6e 6b 0d 0a 54 59 50 45 20 41 0d 0a,TA0011 T1071 T1071.002
119,54 59 50 45 20 49 0d 0a 50 41 53 56 0d 0a 53 54 4f 52 20 2f 56 69 64 65 6f 2e 6c 6e 6b 0d 0a,TA0011 T1071 T1071.002
120,54 59 50 45 20 49 0d 0a 50 41 53 56 0d 0a 53 54 4f 52 20 2f 56 69 64 65 6f 2e 6c 6e 6b 0d 0a 54 59 50 45 20 49 0d 0a,TA0011 T1071 T1071.002
121,50 4f 52 54 20 31 32 32 2c 35 33 2c 39 38 2c 32 34 34 2c 37 35 2c 31 38 39 0d 0a,TA0011 T1071 T1071.002
122,50 4f 52 54 20 31 32 32 2c 35 33 2c 39 38 2c 32 34 34 2c 37 35 2c 31 35 38 0d 0a,TA0011 T1071 T1071.002
123,50 4f 52 54 20 31 31 31 2c 39 33 2c 32 35 31 2c 31 35 35 2c 31 31 33 2c 34 36 0d 0a,TA0011 T1071 T1071.002
124,03 00 00 16 11 e0 00 00 00 04 00 c1 02 01 00 c2 02 02 00 c0 01 0a,TA0001 T1190 T1190.000
125,03 00 00 16 11 e0 00 00 00 04 00 c1 02 01 00 c2 02 01 02 c0 01 0a,TA0001 T1190 T1190.000
126,00 00 00 71 6a 81 6e 30 81 6b a1 03 02 01 05 a2 03 02 01 0a a4 81 5e 30 5c a0 07 03 05 00 50 80 00 10 a2 04 1b 02 4e 4d a3 17 30 15 a0 03 02 01 00 a1 0e 30 0c 1b 06 6b 72 62 74 67 74 1b 02 4e 4d a5 11 18 0f 31 39 37 30 30 31 30 31 30 30 30 30 30 30 5a a7 06 02 04 1f 1e b9 d9 a8 17 30 15 02 01 12 02 01 11 02 01 10 02 01 17 02 01 01 02 01 03 02 01 02,TA0001 T1190 T1190.000
127,06 00 ff 07 00 00 00 00 00 00 00 00 00 09 20 18 c8 81 00 38 8e 04 b5,TA0001 T1190 T1190.000
128,3a 00 00 00 2f 00 00 00 02 00 00 40 02 0f 00 01 00 3d 05 00 00 00 00 00 00 00 00 00 00 00 00 2f 00 00 00 00 00 00 00 00 00 40 1f 00 00 00 00 00 00 00 00 00 00 00 00 00 00 00 00 00,TA0001 T1190 T1190.000
129,03 00 00 0b 06 c3 a0 00 00 00 00 00,TA0001 T1190 T1190.000
130,05 64 05 c9 00 00 00 00 36 4c 05 64 05 c9 01 00 00 00 de 8e 05 64 05 c9 02 00 00 00 9f 84 05 64 05 c9 03 00 00 00 77 46 05 64 05 c9 04 00 00 00 1d 90 05 64 05 c9 05 00 00 00 f5 52 05 64 05 c9 06 00 00 00 b4 58 05 64 05 c9 07 00 00 00 5c 9a 05 64 05 c9 08 00 00 00 19 b9 05 64 05 c9 09 00 00 00 f1 7b 05 64 05 c9 0a 00 00 00 b0 71 05 64 05 c9 0b 00 00 00 58 b3 05 64 05 c9 0c 00 00 00 32 65 05 64 05 c9 0d 00 00 00 da a7 05 64 05 c9 0e 00 00 00 9b ad 05 64 05 c9 0f 00 00 00 73 6f 05 64 05 c9 10 00 00 00 11 eb 05 64 05 c9 11 00 00 00 f9 29 05 64 05 c9 12 00 00 00 b8 23 05 64 05 c9 13 00 00 00 50 e1 05 64 05 c9 14 00 00 00 3a 37 05 64 05 c9 15 00 00 00 d2 f5 05 64 05 c9 16 00 00 00 93 ff 05 64 05 c9 17 00 00 00 7b 3d 05 64 05 c9 18 00 00 00 3e 1e 05 64 05 c9 19 00 00 00 d6 dc 05 64 05 c9 1a 00 00 00 97 d6 05 64 05 c9 1b 00 00 00 7f 14 05 64 05 c9 1c 00 00 00 15 c2 05 64 05 c9 1d 00 00 00 fd 00 05 64 05 c9 1e 00 00 00 bc 0a 05 64 05 c9 1f 00 00 00 54 c8 05 64 05 c9 20 00 00 00 01 4f 05 64 05 c9 21 00 00 00 e9 8d 05 64 05 c9 22 00 00 00 a8 87 05 64 05 c9 23 00 00 00 40 45 05 64 05 c9 24 00 00 00 2a 93 05 64 05 c9 25 00 00 00 c2 51 05 64 05 c9 26 00 00 00 83 5b 05 64 05 c9 27 00 00 00 6b 99 05 64 05 c9 28 00 00 00 2e ba 05 64 05 c9 29 00 00 00 c6 78 05 64 05 c9 2a 00 00 00 87 72 05 64 05 c9 2b 00 00 00 6f b0 05 64 05 c9 2c 00 00 00 05 66 05 64 05 c9 2d 00 00 00 ed a4 05 64 05 c9 2e 00 00 00 ac ae 05 64 05 c9 2f 00 00 00 44 6c 05 64 05 c9 30 00 00 00 26 e8 05 64 05 c9 31 00 00 00 ce 2a 05 64 05 c9 32 00 00 00 8f 20 05 64 05 c9 33 00 00 00 67 e2 05 64 05 c9 34 00 00 00 0d 34 05 64 05 c9 35 00 00 00 e5 f6 05 64 05 c9 36 00 00 00 a4 fc 05 64 05 c9 37 00 00 00 4c 3e 05 64 05 c9 38 00 00 00 09 1d 05 64 05 c9 39 00 00 00 e1 df 05 64 05 c9 3a 00 00 00 a0 d5 05 64 05 c9 3b 00 00 00 48 17 05 64 05 c9 3c 00 00 00 22 c1 05 64 05 c9 3d 00 00 00 ca 03 05 64 05 c9 3e 00 00 00 8b 09 05 64 05 c9 3f 00 00 00 63 cb 05 64 05 c9 40 00 00 00 58 4a 05 64 05 c9 41 00 00 00 b0 88 05 64 05 c9 42 00 00 00 f1 82 05 64 05 c9 43 00 00 00 19 40 05 64 05 c9 44 00 00 00 73 96 05 64 05 c9 45 00 00 00 9b 54 05 64 05 c9 46 00 00 00 da 5e 05 64 05 c9 47 00 00 00 32 9c 05 64 05 c9 48 00 00 00 77 bf 05 64 05 c9 49 00 00 00 9f 7d 05 64 05 c9 4a 00 00 00 de 77 05 64 05 c9 4b 00 00 00 36 b5 05 64 05 c9 4c 00 00 00 5c 63 05 64 05 c9 4d 00 00 00 b4 a1 05 64 05 c9 4e 00 00 00 f5 ab 05 64 05 c9 4f 00 00 00 1d 69 05 64 05 c9 50 00 00 00 7f ed 05 64 05 c9 51 00 00 00 97 2f 05 64 05 c9 52 00 00 00 d6 25 05 64 05 c9 53 00 00 00 3e e7 05 64 05 c9 54 00 00 00 54 31 05 64 05 c9 55 00 00 00 bc f3 05 64 05 c9 56 00 00 00 fd f9 05 64 05 c9 57 00 00 00 15 3b 05 64 05 c9 58 00 00 00 50 18 05 64 05 c9 59 00 00 00 b8 da 05 64 05 c9 5a 00 00 00 f9 d0 05 64 05 c9 5b 00 00 00 11 12 05 64 05 c9 5c 00 00 00 7b c4 05 64 05 c9 5d 00 00 00 93 06 05 64 05 c9 5e 00 00 00 d2 0c 05 64 05 c9 5f 00 00 00 3a ce 05 64 05 c9 60 00 00 00 6f 49 05 64 05 c9 61 00 00 00 87 8b 05 64 05 c9 62 00 00 00 c6 81 05 64 05 c9 63 00 00 00 2e 43,TA0001 T1190 T1190.000
131,30 0c 02 01 01 60 07 02 01 02 04 00 80 00,TA0001 T1190 T1190.000
132,00 0c 00 00 10 00 00 00 00 00 00 00 00 00,TA0001 T1190 T1190.000
133,80 2e 01 00 02 00 15 00 00 00 10 05 00 80 03 00 80 01 00 80 07 00 c0 06 00 40 04 00 80 02 00 80 63 01 00 5c 5d d7 0a bc 8d 9c d0 23 bb fe fe 8c,TA0001 T1190 T1190.000
134,00 00 00 66 fe 53 4d 42 40 00 01 00 00 00 00 00 00 00 00 00 00 00 00 00 00 00 00 00 00 00 00 00 00 00 00 00 00 00 00 00 00 00 00 00 00 00 00 00 00 00 00 00 00 00 00 00 00 00 00 00 00 00 00 00 00 00 00 00 24 00 01 00 01 00 00 00 00 00 00 00 00 00 00 00 00 00 00 00 00 00 00 00 00 00 00 00 00 00 00 00 00 00 00 00 10 02,TA0001 T1190 T1190.000
135,80 10 00 00 00 00 00 00 00 00 00 00 00 00 00 00 00 00 00 00 00 00 00 00,TA0001 T1190 T1190.000
136,00 6d 00 00 01 00 00 00 01 38 01 2c 0c 41 20 00 ff ff 7f 08 00 00 01 00 00 33 00 3a 00 00 08 00 41 41 00 00 00 00 00 00 00 00 00 00 00 00 00 00 00 00 00 00 00 00 00 00 00 00 28 44 45 53 43 52 49 50 54 49 4f 4e 3d 28 43 4f 4e 4e 45 43 54 5f 44 41 54 41 3d 28 43 49 44 3d 28 50 52 4f 47 52 41 4d 3d 7a 67 72 61 62 32 29 29 29 29,TA0001 T1190 T1190.000
137,01 49 32 30 31 30 30 0a a0 00 00 00 4d 4d 53 14 00 00 00 00 00 00 00 00 00 00 00 00 00 00 00 12 00 00 00 01 00 03 00 f0 f0 f0 f0 0b 00 04 00 1c 00 03 00 4e 00 53 00 50 00 6c 00 61 00 79 00 65 00 72 00 2f 00 39 00 2e 00 00 2e 00 00 2e 02 00 39 00 38 00 00 3b 00 20 00 7b 00 00 00 00 00 41 00 41 00 00 00 2d 00 00 41 00 00 00 2d 00 00 00 61 00 00 2d 00 41 00 41 00 00 41 00 2d 00 00 00 00 00 41 00 00 41 00 41 00 00 41 00 41 00 00 7d 00 00 00 e0 6d df 5f 01 49 32 30 31 30 30 0a,TA0001 T1190 T1190.000
138,00 00 00 00 00 00 00 04 00 00 00 00,TA0001 T1190 T1190.000
139,00 03 00 01 00 00 00 00 00 00 00 02 00 00 00 00 0f 00,TA0001 T1190 T1190.000
140,00 5a 00 00 01 00 00 00 01 36 01 2c 00 00 08 00 7f c3 bf 7f 08 00 00 00 01 00 20 00 3a 00 00 00 00 00 00 00 00 00 00 00 00 00 00 00 04 c3 a6 00 00 00 01 00 00 00 00 00 00 00 00 28 43 4f 4e 4e 45 43 54 5f 44 41 54 41 3d 28 43 4f 4d 4d 41 4e 44 3d 76 65 72 73 69 6f 6e 29 29,TA0001 T1190 T1190.000
141,00 5a 00 00 01 00 00 00 01 36 01 2c 00 00 08 00 7f ff 7f 08 00 00 00 01 00 20 00 3a 00 00 00 00 00 00 00 00 00 00 00 00 00 00 00 00 34 e6 00 00 00 01 00 00 00 00 00 00 00 00 28 43 4f 4e 4e 45 43 54 5f 44 41 54 41 3d 28 43 4f 4d 4d 41 4e 44 3d 76 65 72 73 69 6f 6e 29 29,TA0001 T1190 T1190.000
142,01 00 00 fd ce fa 0b b0 a0 00 00 00 4d 4d 53 14 00 00 00 00 00 00 00 00 00 00 00 00 00 00 00 12 00 00 00 01 00 03 00 f0 f0 f0 f0 0b 00 04 00 1c 00 03 00 4e 00 53 00 50 00 6c 00 61 00 79 00 65 00 72 00 2f 00 39 00 2e 00 30 00 2e 00 30 00 2e 00 32 00 39 00 38 00 30 00 3b 00 20 00 7b 00 30 00 30 00 30 00 30 00 41 00 41 00 30 00 30 00 2d 00 30 00 41 00 30 00 30 00 2d 00 30 00 30 00 61 00 30 00 2d 00 41 00 41 00 30 00 41 00 2d 00 30 00 30 00 30 00 30 00 41 00 30 00 41 00 41 00 30 00 41 00 41 00 30 00 7d 00 00 00 e0 6d df 5f,TA0001 T1190 T1190.000
143,00 00 00 00 44 42 32 44 41 53 20 20 20 20 20 20 01 04 00 00 00 10 39 7a 00 01 00 00 00 00 00 00 00 00 00 00 01 0c 00 00 00 00 00 00 0c 00 00 00 0c 00 00 00 04,TA0001 T1190 T1190.000
144,03 00 00 2f 2a e0 00 00 00 00 00 43 6f 6f 6b 69 65 3a 20 6d 73 74 73 68 61 73 68 3d 41 64 6d 69 6e 69 73 74 72 0d 0a 01 00 08 00 03 00 00 00,TA0006 T1212 T1212.000
145,03 00 00 2a 25 e0 00 00 00 00 00 43 6f 6f 6b 69 65 3a 20 6d 73 74 73 68 61 73 68 3d 6e 6d 61 70 0d 0a 01 00 08 00 03 00 00 00,TA0006 T1212 T1212.000
146,03 00 00 26 21 e0 00 00 fe ca 00 43 6f 6f 6b 69 65 3a 20 6d 73 74 73 68 61 73 68 3d 0d 0a 01 00 08 00 01 00 00 00,TA0006 T1212 T1212.000
147,4a 44 57 50 2d 48 61 6e 64 73 68 61 6b 65 00 00 00 0b 00 00 00 01 00 01 01,TA0001 T1190 T1190.000
148,80 10 00 08 00 00 00 00 00 00 08 00 00 00 00 00 00 00 00 00 00 00 00 00 73 65 74 74 69 6e 67 73,TA0001 T1190 T1046.000
149,15 03 01 00 02 02 0a,TA0001 T1190 T1046.000
150,5a 47 00 00 00 05 00 2b 0e 01 00,TA0001 T1190 T1046.000
151,10 12 00 04 4d 51 54 54 04 00 00 0a 00 06 43 45 4e 53 59 53,TA0001 T1190 T1046.000
152,41 4d 51 50 00 01 00 00,TA0001 T1190 T1046.000
153,44 6d 64 54 00 00 00 17 00 00 00 01 00 00 00 00 11 11 00 ff 01 ff 13,TA0001 T1190 T1046.000
154,00 00 00 08 04 d2 16 2f,TA0001 T1190 T1046.000
155,6c 00 0b 00 00 00 00 00 00 00 00 00,TA0001 T1190 T1046.000
156,30 84 00 00 00 2d 02 01 07 63 84 00 00 00 24 04 00 0a 01 00 0a 01 00 02 01 00 02 01 64 01 01 00 87 0b 6f 62 6a 65 63 74 43 6c 61 73 73 30 84 00 00 00 00,TA0001 T1190 T1046.000
157,00 1e 00 06 01 00 00 01 00 00 00 00 00 00 07 76 65 72 73 69 6f 6e 04 62 69 6e 64 00 00 10 00 03,TA0001 T1190 T1046.000
158,54 4e 4d 50 04 00 00 00 54 4e 4d 45 00 00 04 00,TA0001 T1190 T1046.000
159,a3 00 00 00 00 00 00 00 63 6f 6e 66 69 67 00 00 8c 00 00 00 00 00 00 00 00 00 00 00 00 00 00 00,TA0001 T1190 T1046.000
160,03 00 00 0b 06 e0 00 00 00 00 00,TA0001 T1190 T1046.000
161,0d 0a 0d 0a,TA0001 T1190 T1046.000
162,4a 52 4d 49 00 02 4b,TA0001 T1190 T1046.000
163,00 00 00 00,TA0001 T1190 T1046.000
164,04 01 02 03 02 03 04 05 66 64 61 73 66 64 73 00,TA0001 T1190 T1046.000
165,05 04 00 01 02 03,TA0001 T1190 T1046.000
166,23 00 4a 43 54 4c 43 52 01 01 02 02 01 0f 06 04 44 4d 4d 4c 03 0d 01 01 07 03 08 da af b0 47 92 10 e2 e5,TA0001 T1190 T1046.000
167,12 01 00 34 00 00 00 00 00 00 15 00 06 01 00 1b 00 01 02 00 1c 00 0c 03 00 28 00 04 ff 08 00 01 55 00 00 00 4d 53 53 51 4c 53 65 72 76 65 72 00 48 0f 00 00,TA0001 T1190 T1046.000
168,43 4e 58 4e 00 00 00 01 00 10 00 00 07 00 00 00 32 02 00 00 bc b1 a7 b1 68 6f 73 74 3a 3a 00,TA0001 T1190 T1046.000
169,12 34 00 01 0a,TA0001 T1190 T1046.000
170,3c 3f 78 6d 6c 20 76 65 72 73 69 6f 6e 3d 22 31 2e 30 22 20 3f 3e 3c 6d 65 74 68 6f 64 43 61 6c 6c 3e 3c 6d 65 74 68 6f 64 4e 61 6d 65 3e 6e 6d 61 70 2e 70 72 6f 62 65 3c 2f 6d 65 74 68 6f 64 4e 61 6d 65 3e 3c 2f 6d 65 74 68 6f 64 43 61 6c 6c 3e 0a 00,TA0001 T1190 T1046.000
171,00 00 00 01 07,TA0001 T1190 T1046.000
172,00 00 00 96 ff 53 4d 42 72 00 00 00 00 00 00 00 00 00 00 00 00 00 00 00 00 00 00 00 00 0e 00 02 50 43 20 4e 45 54 57 4f 52 4b 20 50 52 4f 47 52 41 4d 20 31 2e 30 00 02 4d 49 43 52 4f 53 4f 46 54 20 4e 45 54 57 4f 52 4b 53 20 31 2e 30 33 00 02 4d 49 43 52 4f 53 4f 46 54 20 4e 45 54 57 4f 52 4b 53 20 33 2e 30 00 02 4c 41 4e 4d 41 4e 31 2e 30 00 02 4c 4d 31 00 02 53 61 6d 62 61 00 02 4e 54 20 4c 41 4e 4d 41 4e 20 31 2e 30 00 02 4e 54 20 4c 4d 20 30 2e 31 32 00,TA0001 T1190 T1190.000
173,00 00 00 a4 ff 53 4d 42 72 00 00 00 00 08 01 40 00 00 00 00 00 00 00 00 00 00 00 00 00 00 40 06 00 00 01 00 00 81 00 02 50 43 20 4e 45 54 57 4f 52 4b 20 50 52 4f 47 52 41 4d 20 31 2e 30 00 02 4d 49 43 52 4f 53 4f 46 54 20 4e 45 54 57 4f 52 4b 53 20 31 2e 30 33 00 02 4d 49 43 52 4f 53 4f 46 54 20 4e 45 54 57 4f 52 4b 53 20 33 2e 30 00 02 4c 41 4e 4d 41 4e 31 2e 30 00 02 4c 4d 31 2e 32 58 30 30 32 00 02 53 61 6d 62 61 00 02 4e 54 20 4c 41 4e 4d 41 4e 20 31 2e 30 00 02 4e 54 20 4c 4d 20 30 2e 31 32 00,TA0001 T1190 T1190.000
174,53 53 48 2d 31 2e 39 39 2d 33 2e 32 2e 39 20 53 53 48 20 53 65 63 75 72 65 20 53 68 65 6c 6c 20 66 6f 72 20 57 69 6e 64 6f 77 73 0a 00 00 00 0c 06 02 00 00 00 00 c9 82 49 b3 c0 0c 00 00 01 3c 08 14 1d 19 88 64 02 98 13 e5 eb 95 b6 4b f0 58 34 44 00 00 00 1a 64 69 66 66 69 65 2d 68 65 6c 6c 6d 61 6e 2d 67 72 6f 75 70 31 2d 73 68 61 31 00 00 00 2f 73 73 68 2d 64 73 73 2c 73 73 68 2d 72 73 61 2c 78 35 30 39 76 33 2d 73 69 67 6e 2d 64 73 73 2c 78 35 30 39 76 33 2d 73 69 67 6e 2d 72 73 61 00 00 00 40 61 65 73 31 32 38 2d 63 62 63 2c 33 64 65 73 2d 63 62 63 2c 62 6c 6f 77 66 69 73 68 2d 63 62 63 2c 63 61 73 74 31 32 38 2d 63 62 63 2c 74 77 6f 66 69 73 68 2d 63 62 63 2c 61 72 63 66 6f 75 72 00 00 00 40 61 65 73 31 32 38 2d 63 62 63 2c 33 64 65 73 2d 63 62 63 2c 62 6c 6f 77 66 69 73 68 2d 63 62 63 2c 63 61 73 74 31 32 38 2d 63 62 63 2c 74 77 6f 66 69 73 68 2d 63 62 63 2c 61 72 63 66 6f 75 72 00 00 00 12 68 6d 61 63 2d 6d 64 35 2c 68 6d 61 63 2d 73 68 61 31 00 00 00 12 68 6d 61 63 2d 6d 64 35 2c 68 6d 61 63 2d 73 68 61 31 00 00 00 04 6e 6f 6e 65 00 00 00 04 6e 6f 6e 65 00 00 00 00 00 00 00 00 00 00 00 00 00 42 88 6a 71 c6 d3 eb 9f 00 00 00 0c 06 02 00 00 00 00 84 be 9f 3d a5 4e 00 00 00 8c 05 1e 00 00 00 81 00 dc e6 48 ff db 38 1e b4 f2 08 c7 20 e3 be 05 61 f1 9e 91 74 d0 9c e3 dc 6c d2 7f 94 af 95 8b 07 f4 00 39 1d 7b c9 83 e7 9d 07 12 a0 9f 66 f3 a9 e3 e1 58 14 79 c4 74 42 32 69 39 cf a9 d3 bf a0 b0 42 8d d3 29 a6 46 49 b5 eb 2a 55 21 d3 f5 21 fc 4f 27 15 d7 92 4f ee b6 b3 59 39 be 40 4b 33 95 44 e3 91 c2 1f 40 57 11 ec 7c 50 fb 1e a7 06 a0 44 90 fd af 6b 61 ff 95 14 ba 16 19 fd 25 46 c8 44 40 65 78,TA0001 T1190 T1190.000
175,43 4c 4e 54 20 4e 63 46 54 50 4c 73 20 33 2e 32 2e 35 20 6c 69 6e 75 78 2d 61 72 6d 76 37 6c 2d 67 6c 69 62 63 32 2e 32 32 0d 0a,TA0011 T1071 T1071.002
176,43 4c 4e 54 20 4e 63 46 54 50 50 75 74 20 33 2e 32 2e 35 20 57 69 6e 64 6f 77 73 0d 0a,TA0011 T1071 T1071.002
177,43 52 4c 46 43 52 4c 46,TA0011 T1071 T1071.002
178,71 75 69 74 0a 43 52 4c 46 43 52 4c 46,TA0011 T1071 T1071.002
179,50 41 53 53 20 31 71 61 7a 32 77 73 78 0d 0a,TA0006 T1110 T1110.000
180,50 41 53 53 20 31 33 31 34 35 32 30 0d 0a,TA0006 T1110 T1110.000
181,50 41 53 53 20 75 73 65 72 31 32 33 31 32 33 0d 0a,TA0006 T1110 T1110.000
182,50 41 53 53 20 69 6c 6f 76 65 79 6f 75 0d 0a,TA0006 T1110 T1110.000
183,50 41 53 53 20 6d 61 72 74 69 6e 0d 0a,TA0006 T1110 T1110.000
184,50 41 53 53 20 31 31 31 0d 0a,TA0006 T1110 T1110.000
185,50 41 53 53 20 67 6c 66 74 70 64 0d 0a,TA0006 T1110 T1110.000
186,50 41 53 53 20 58 54 4d 34 53 0d 0a,TA0006 T1110 T1110.000
187,50 41 53 53 20 64 65 76 69 63 65 0d 0a,TA0006 T1110 T1110.000
188,50 41 53 53 20 77 6c 70 69 73 79 73 74 65 6d 0d 0a,TA0006 T1110 T1110.000
189,50 41 53 53 20 72 6f 6f 74 32 30 31 38 0d 0a,TA0006 T1110 T1110.000
190,50 41 53 53 20 75 73 65 72 31 32 33 32 30 31 38 0d 0a,TA0006 T1110 T1110.000
191,50 41 53 53 20 68 6f 6f 74 65 72 73 0d 0a,TA0006 T1110 T1110.000
192,50 41 53 53 20 73 63 6f 72 70 69 6f 6e 0d 0a,TA0006 T1110 T1110.000
193,50 41 53 53 20 77 65 6c 63 6f 6d 65 0d 0a,TA0006 T1110 T1110.000
194,50 41 53 53 20 31 32 33 31 32 33 31 32 33 0d 0a,TA0006 T1110 T1110.000
195,50 41 53 53 20 77 77 77 72 6f 6f 74 21 0d 0a,TA0006 T1110 T1110.000
196,50 41 53 53 20 70 70 70 70 70 70 0d 0a,TA0006 T1110 T1110.000
197,50 41 53 53 20 64 72 65 61 6d 62 6f 78 0d 0a,TA0006 T1110 T1110.000
198,50 41 53 53 20 77 75 31 32 33 34 35 36 0d 0a,TA0006 T1110 T1110.000
199,50 41 53 53 20 62 61 63 6b 77 61 72 64 0d 0a,TA0006 T1110 T1110.000
200,50 41 53 53 20 77 77 77 31 0d 0a,TA0006 T1110 T1110.000
201,50 41 53 53 20 31 32 31 32 31 32 0d 0a,TA0006 T1110 T1110.000
202,50 41 53 53 20 64 65 72 6f 6b 30 31 30 31 30 31 0d 0a,TA0006 T1110 T1110.000
203,50 41 53 53 20 64 61 74 61 21 0d 0a,TA0006 T1110 T1110.000
204,50 41 53 53 20 6d 6f 6e 6b 65 79 0d 0a,TA0006 T1110 T1110.000
205,50 41 53 53 20 41 44 4d 49 4e 0d 0a,TA0006 T1110 T1110.000
206,50 41 53 53 20 77 77 77 72 6f 6f 74 77 77 77 72 6f 6f 74 0d 0a,TA0006 T1110 T1110.000
207,50 41 53 53 20 74 65 73 74 32 30 31 37 0d 0a,TA0006 T1110 T1110.000
208,50 41 53 53 20 70 6f 73 74 67 72 65 73 0d 0a,TA0006 T1110 T1110.000
209,50 41 53 53 20 77 77 31 31 31 31 31 31 0d 0a,TA0006 T1110 T1110.000
210,50 41 53 53 20 77 6f 61 69 77 6f 6c 61 6f 70 6f 0d 0a,TA0006 T1110 T1110.000
211,50 41 53 53 20 31 39 38 36 31 30 31 38 0d 0a,TA0006 T1110 T1110.000
212,50 41 53 53 20 77 65 62 32 30 31 35 0d 0a,TA0006 T1110 T1110.000
213,50 41 53 53 20 73 75 70 65 72 75 73 65 72 0d 0a,TA0006 T1110 T1110.000
214,50 41 53 53 20 71 31 77 32 65 33 0d 0a,TA0006 T1110 T1110.000
215,50 41 53 53 20 31 71 32 77 33 65 34 72 35 74 0d 0a,TA0006 T1110 T1110.000
216,50 41 53 53 20 61 73 64 66 67 68 0d 0a,TA0006 T1110 T1110.000
217,50 41 53 53 20 35 31 32 30 31 33 31 34 0d 0a,TA0006 T1110 T1110.000
218,50 41 53 53 20 77 77 77 32 30 31 36 0d 0a,TA0006 T1110 T1110.000
219,50 41 53 53 20 37 37 37 37 37 37 37 0d 0a,TA0006 T1110 T1110.000
220,50 41 53 53 20 69 6e 74 65 72 6e 65 74 0d 0a,TA0006 T1110 T1110.000
221,50 41 53 53 20 64 61 6e 69 65 6c 0d 0a,TA0006 T1110 T1110.000
222,50 41 53 53 20 61 6e 64 72 65 77 0d 0a,TA0006 T1110 T1110.000
223,50 41 53 53 20 70 65 74 65 72 0d 0a,TA0006 T1110 T1110.000
224,50 41 53 53 20 61 64 6d 69 6e 32 30 31 37 0d 0a,TA0006 T1110 T1110.000
225,50 41 53 53 20 31 39 38 36 31 30 32 35 0d 0a,TA0006 T1110 T1110.000
226,50 41 53 53 20 63 6a 6d 61 73 74 65 72 69 6e 66 0d 0a,TA0006 T1110 T1110.000
227,50 41 53 53 20 74 65 73 74 32 30 31 36 0d 0a,TA0006 T1110 T1110.000
228,50 41 53 53 20 31 31 31 61 61 61 0d 0a,TA0006 T1110 T1110.000
229,50 41 53 53 20 64 62 64 62 0d 0a,TA0006 T1110 T1110.000
230,50 41 53 53 20 46 30 30 74 62 40 31 31 0d 0a,TA0006 T1110 T1110.000
231,50 41 53 53 20 31 31 39 39 31 31 0d 0a,TA0006 T1110 T1110.000
232,50 41 53 53 20 31 39 38 35 31 32 31 32 0d 0a,TA0006 T1110 T1110.000
233,50 41 53 53 20 61 64 6d 69 6e 69 73 74 72 61 74 6f 72 31 0d 0a,TA0006 T1110 T1110.000
234,50 41 53 53 20 75 73 65 72 31 32 33 32 30 31 39 0d 0a,TA0006 T1110 T1110.000
235,50 41 53 53 20 77 77 77 2d 64 61 74 61 77 77 77 2d 64 61 74 61 0d 0a,TA0006 T1110 T1110.000
236,50 41 53 53 20 39 32 38 33 37 34 36 0d 0a,TA0006 T1110 T1110.000
237,50 41 53 53 20 31 70 69 75 34 70 75 69 0d 0a,TA0006 T1110 T1110.000
238,50 41 53 53 20 64 61 6e 64 61 6e 0d 0a,TA0006 T1110 T1110.000
239,50 41 53 53 20 31 32 33 34 35 36 6d 0d 0a,TA0006 T1110 T1110.000
240,50 41 53 53 20 41 49 31 32 33 34 35 36 0d 0a,TA0006 T1110 T1110.000
241,50 41 53 53 20 61 62 63 64 31 32 33 34 0d 0a,TA0006 T1110 T1110.000
242,50 41 53 53 20 42 69 73 6d 69 6c 6c 61 68 0d 0a,TA0006 T1110 T1110.000
243,50 41 53 53 20 65 6e 65 6d 79 0d 0a,TA0006 T1110 T1110.000
244,50 41 53 53 20 64 65 66 61 75 6c 74 0d 0a,TA0006 T1110 T1110.000
245,50 41 53 53 20 50 61 73 73 77 30 72 64 0d 0a,TA0006 T1110 T1110.000
246,50 41 53 53 20 75 73 65 72 31 32 33 0d 0a,TA0006 T1110 T1110.000
247,50 41 53 53 20 31 32 33 61 61 61 0d 0a,TA0006 T1110 T1110.000
248,50 41 53 53 20 31 35 39 33 35 37 34 35 36 0d 0a,TA0006 T1110 T1110.000
249,50 41 53 53 20 41 64 6d 69 6e 41 64 6d 69 6e 0d 0a,TA0006 T1110 T1110.000
250,50 41 53 53 20 37 38 39 34 35 36 31 32 33 0d 0a,TA0006 T1110 T1110.000
251,50 41 53 53 20 63 6f 6e 66 65 72 65 6e 63 69 6e 67 0d 0a,TA0006 T1110 T1110.000
252,50 41 53 53 20 32 30 30 34 32 31 30 0d 0a,TA0006 T1110 T1110.000
253,50 41 53 53 20 61 6e 6f 6e 79 6d 6f 75 73 0d 0a,TA0006 T1110 T1110.000
254,50 41 53 53 20 74 61 6c 65 6e 74 0d 0a,TA0006 T1110 T1110.000
255,50 41 53 53 20 31 35 39 33 35 37 0d 0a,TA0006 T1110 T1110.000
256,50 41 53 53 20 4e 49 41 49 57 4f 4d 41 0d 0a,TA0006 T1110 T1110.000
257,50 41 53 53 20 77 77 77 32 30 31 37 0d 0a,TA0006 T1110 T1110.000
258,50 41 53 53 20 77 77 77 32 30 31 35 0d 0a,TA0006 T1110 T1110.000
259,50 41 53 53 20 72 6f 6f 74 32 30 31 39 0d 0a,TA0006 T1110 T1110.000
260,50 41 53 53 20 31 31 31 31 31 31 0d 0a,TA0006 T1110 T1110.000
261,50 41 53 53 20 42 4c 55 45 41 49 52 57 4f 4c 46 0d 0a,TA0006 T1110 T1110.000
262,50 41 53 53 20 35 35 35 35 35 0d 0a,TA0006 T1110 T1110.000
263,50 41 53 53 20 7a 31 32 33 31 32 33 0d 0a,TA0006 T1110 T1110.000
264,50 41 53 53 20 30 30 30 2e 2e 2e 0d 0a,TA0006 T1110 T1110.000
265,50 41 53 53 20 71 61 7a 78 73 77 65 64 63 60 31 32 33 0d 0a,TA0006 T1110 T1110.000
266,50 41 53 53 20 31 32 33 34 35 0d 0a,TA0006 T1110 T1110.000
267,50 41 53 53 20 64 65 76 72 79 0d 0a,TA0006 T1110 T1110.000
268,50 41 53 53 20 61 64 6d 69 6e 21 0d 0a,TA0006 T1110 T1110.000
269,50 41 53 53 20 6f 70 65 72 61 74 69 6f 6e 0d 0a,TA0006 T1110 T1110.000
270,50 41 53 53 20 78 69 61 6f 6a 69 61 6e 0d 0a,TA0006 T1110 T1110.000
271,50 41 53 53 20 31 31 32 32 31 31 0d 0a,TA0006 T1110 T1110.000
272,50 41 53 53 20 31 30 32 39 33 38 34 37 35 36 0d 0a,TA0006 T1110 T1110.000
273,50 41 53 53 20 65 6d 61 69 6c 40 65 6d 61 69 6c 2e 63 6f 6d 0d 0a,TA0006 T1110 T1110.000
274,50 41 53 53 20 75 73 65 72 32 30 31 38 0d 0a,TA0006 T1110 T1110.000
275,50 41 53 53 20 6c 69 76 65 72 70 6f 6f 6c 0d 0a,TA0006 T1110 T1110.000
276,50 41 53 53 20 31 32 33 33 32 31 0d 0a,TA0006 T1110 T1110.000
277,50 41 53 53 20 61 6e 6f 6e 79 6d 6f 75 73 32 30 31 37 0d 0a,TA0006 T1110 T1110.000
278,50 41 53 53 20 6c 69 6e 64 61 30 36 30 38 0d 0a,TA0006 T1110 T1110.000
279,50 41 53 53 20 77 69 6e 64 6f 77 73 0d 0a,TA0006 T1110 T1110.000
280,50 41 53 53 20 31 39 38 34 31 30 31 36 0d 0a,TA0006 T1110 T1110.000
281,50 41 53 53 20 77 6f 61 69 6e 69 31 31 30 0d 0a,TA0006 T1110 T1110.000
282,50 41 53 53 20 31 39 38 35 31 30 0d 0a,TA0006 T1110 T1110.000
283,50 41 53 53 20 6e 74 70 75 70 64 61 74 65 0d 0a,TA0006 T1110 T1110.000
284,50 41 53 53 20 77 65 62 32 30 31 36 0d 0a,TA0006 T1110 T1110.000
285,50 41 53 53 20 31 39 38 32 31 31 0d 0a,TA0006 T1110 T1110.000
286,50 41 53 53 20 77 77 77 72 6f 6f 74 31 32 33 0d 0a,TA0006 T1110 T1110.000
287,50 41 53 53 20 77 61 6e 67 79 61 6e 0d 0a,TA0006 T1110 T1110.000
288,50 41 53 53 20 73 74 61 72 74 72 65 6b 0d 0a,TA0006 T1110 T1110.000
289,50 41 53 53 20 74 65 73 74 32 30 31 38 0d 0a,TA0006 T1110 T1110.000
290,50 41 53 53 20 66 74 70 40 65 78 61 6d 70 6c 65 2e 6f 72 67 0d 0a,TA0006 T1110 T1110.000
291,50 41 53 53 20 71 61 7a 77 73 78 65 64 63 0d 0a,TA0006 T1110 T1110.000
292,50 41 53 53 20 31 32 33 31 32 33 71 0d 0a,TA0006 T1110 T1110.000
293,50 41 53 53 20 61 64 6d 69 6e 69 73 74 72 61 74 6f 72 32 30 31 35 0d 0a,TA0006 T1110 T1110.000
294,50 41 53 53 20 77 77 77 2d 64 61 74 61 32 30 31 37 0d 0a,TA0006 T1110 T1110.000
295,50 41 53 53 20 64 61 74 61 64 61 74 61 0d 0a,TA0006 T1110 T1110.000
296,50 41 53 53 20 74 65 73 74 72 6f 6f 74 0d 0a,TA0006 T1110 T1110.000
297,50 41 53 53 20 61 6e 6f 6e 79 6d 6f 75 73 40 0d 0a,TA0006 T1110 T1110.000
298,50 41 53 53 20 70 72 69 6e 63 65 73 73 0d 0a,TA0006 T1110 T1110.000
299,50 41 53 53 20 35 35 35 35 35 35 35 0d 0a,TA0006 T1110 T1110.000
300,50 41 53 53 20 71 77 65 72 74 79 31 32 33 0d 0a,TA0006 T1110 T1110.000
301,50 41 53 53 20 77 77 77 72 6f 6f 74 32 30 31 36 0d 0a,TA0006 T1110 T1110.000
302,50 41 53 53 20 41 64 6d 69 6e 0d 0a,TA0006 T1110 T1110.000
303,50 41 53 53 20 72 61 70 70 6f 72 74 0d 0a,TA0006 T1110 T1110.000
304,50 41 53 53 20 32 31 30 32 30 30 32 0d 0a,TA0006 T1110 T1110.000
305,50 41 53 53 20 61 64 6d 0d 0a,TA0006 T1110 T1110.000
306,50 41 53 53 20 70 61 73 73 77 6f 72 64 31 0d 0a,TA0006 T1110 T1110.000
307,50 41 53 53 20 42 65 73 74 31 5f 55 73 65 72 0d 0a,TA0006 T1110 T1110.000
308,50 41 53 53 20 31 39 38 36 31 31 32 35 0d 0a,TA0006 T1110 T1110.000
309,50 41 53 53 20 71 77 65 72 74 79 75 69 6f 70 0d 0a,TA0006 T1110 T1110.000
310,50 41 53 53 20 32 30 30 38 35 32 30 30 38 35 0d 0a,TA0006 T1110 T1110.000
311,50 41 53 53 20 77 65 62 32 30 31 39 0d 0a,TA0006 T1110 T1110.000
312,50 41 53 53 20 66 74 70 32 30 31 38 0d 0a,TA0006 T1110 T1110.000
313,50 41 53 53 20 31 32 33 34 35 36 37 38 0d 0a,TA0006 T1110 T1110.000
314,50 41 53 53 20 77 77 77 72 6f 6f 74 32 30 31 37 0d 0a,TA0006 T1110 T1110.000
315,50 41 53 53 20 77 65 62 32 30 31 38 0d 0a,TA0006 T1110 T1110.000
316,50 41 53 53 20 48 55 41 4e 47 77 65 69 0d 0a,TA0006 T1110 T1110.000
317,50 41 53 53 20 61 71 77 65 35 31 38 39 35 31 0d 0a,TA0006 T1110 T1110.000
318,50 41 53 53 20 31 36 38 39 39 31 36 38 0d 0a,TA0006 T1110 T1110.000
319,50 41 53 53 20 74 65 73 74 0d 0a,TA0006 T1110 T1110.000
320,50 41 53 53 20 31 32 33 31 32 33 0d 0a,TA0006 T1110 T1110.000
321,50 41 53 53 20 77 61 6e 67 73 68 75 61 69 0d 0a,TA0006 T1110 T1110.000
322,50 41 53 53 20 61 64 6d 69 6e 0d 0a,TA0006 T1110 T1110.000
323,50 41 53 53 20 77 65 62 31 32 33 0d 0a,TA0006 T1110 T1110.000
324,50 41 53 53 20 40 61 6e 6f 6e 79 6d 6f 75 73 0d 0a 4c 49 53 54 0d 0a,TA0006 T1110 T1110.000
325,50 41 53 53 20 7a 78 63 76 31 32 33 34 0d 0a,TA0006 T1110 T1110.000
326,50 41 53 53 20 72 6f 6f 74 72 6f 6f 74 0d 0a,TA0006 T1110 T1110.000
327,50 41 53 53 20 31 33 31 34 35 32 31 35 32 31 0d 0a,TA0006 T1110 T1110.000
328,50 41 53 53 20 70 61 73 73 77 6f 72 64 21 0d 0a,TA0006 T1110 T1110.000
329,50 41 53 53 20 32 31 30 0d 0a,TA0006 T1110 T1110.000
330,50 41 53 53 20 67 75 65 73 74 0d 0a,TA0006 T1110 T1110.000
331,50 41 53 53 20 77 65 62 21 0d 0a,TA0006 T1110 T1110.000
332,50 41 53 53 20 31 32 33 71 77 65 21 40 23 0d 0a,TA0006 T1110 T1110.000
333,50 41 53 53 20 61 73 64 66 67 68 6a 6b 6c 0d 0a,TA0006 T1110 T1110.000
334,50 41 53 53 20 62 6f 74 68 0d 0a,TA0006 T1110 T1110.000
335,50 41 53 53 20 66 74 70 32 30 31 39 0d 0a,TA0006 T1110 T1110.000
336,50 41 53 53 20 74 6f 6b 6f 73 0d 0a,TA0006 T1110 T1110.000
337,50 41 53 53 20 54 65 73 74 31 32 33 0d 0a,TA0006 T1110 T1110.000
338,50 41 53 53 20 71 61 7a 78 73 77 65 64 63 0d 0a,TA0006 T1110 T1110.000
339,50 41 53 53 20 35 32 30 31 33 31 34 33 33 34 34 0d 0a,TA0006 T1110 T1110.000
340,50 41 53 53 20 31 31 32 32 33 33 0d 0a,TA0006 T1110 T1110.000
341,50 41 53 53 20 66 74 70 31 0d 0a,TA0006 T1110 T1110.000
342,50 41 53 53 20 31 32 33 34 35 35 0d 0a,TA0006 T1110 T1110.000
343,50 41 53 53 20 39 39 39 39 39 39 0d 0a,TA0006 T1110 T1110.000
344,50 41 53 53 20 61 64 6d 69 6e 69 73 74 72 61 74 6f 72 32 30 31 37 0d 0a,TA0006 T1110 T1110.000
345,50 41 53 53 20 38 36 38 36 38 36 0d 0a,TA0006 T1110 T1110.000
346,50 41 53 53 20 64 62 32 61 64 6d 69 6e 0d 0a,TA0006 T1110 T1110.000
347,50 41 53 53 20 31 39 38 36 31 32 32 30 0d 0a,TA0006 T1110 T1110.000
348,50 41 53 53 20 6e 75 6c 6c 0d 0a,TA0006 T1110 T1110.000
349,50 41 53 53 20 30 30 30 30 30 30 0d 0a,TA0006 T1110 T1110.000
350,50 41 53 53 20 37 38 39 36 35 34 31 32 33 0d 0a,TA0006 T1110 T1110.000
351,50 41 53 53 20 77 77 77 0d 0a,TA0006 T1110 T1110.000
352,50 41 53 53 20 31 39 38 36 31 32 32 35 0d 0a,TA0006 T1110 T1110.000
353,50 41 53 53 20 61 64 6d 69 6e 69 73 74 72 61 74 6f 72 32 30 31 36 0d 0a,TA0006 T1110 T1110.000
354,50 41 53 53 20 31 32 33 34 35 36 0d 0a,TA0006 T1110 T1110.000
355,50 41 53 53 20 31 32 33 32 35 38 0d 0a,TA0006 T1110 T1110.000
356,50 41 53 53 20 31 33 34 32 0d 0a,TA0006 T1110 T1110.000
357,50 41 53 53 20 6e 31 73 6b 6a 30 73 70 0d 0a,TA0006 T1110 T1110.000
358,50 41 53 53 20 73 75 70 65 72 6d 61 6e 0d 0a,TA0006 T1110 T1110.000
359,50 41 53 53 20 66 74 70 32 30 31 36 0d 0a,TA0006 T1110 T1110.000
360,50 41 53 53 20 6b 72 61 7a 79 0d 0a,TA0006 T1110 T1110.000
361,50 41 53 53 20 31 32 33 71 77 65 31 32 33 0d 0a,TA0006 T1110 T1110.000
362,50 41 53 53 20 78 69 68 75 61 6e 6e 69 0d 0a,TA0006 T1110 T1110.000
363,50 41 53 53 20 77 77 77 72 6f 6f 74 32 30 31 39 0d 0a,TA0006 T1110 T1110.000
364,50 41 53 53 20 61 64 6d 69 6e 69 73 74 72 61 74 6f 72 32 30 31 39 0d 0a,TA0006 T1110 T1110.000
365,50 41 53 53 20 61 64 6d 69 6e 32 30 31 38 0d 0a,TA0006 T1110 T1110.000
366,50 41 53 53 20 31 39 38 34 31 30 32 36 0d 0a,TA0006 T1110 T1110.000
367,50 41 53 53 20 48 50 53 75 70 70 6f 72 74 0d 0a,TA0006 T1110 T1110.000
368,50 41 53 53 20 62 65 61 74 6c 65 73 0d 0a,TA0006 T1110 T1110.000
369,50 41 53 53 20 61 6e 6f 6e 79 6d 6f 75 73 32 30 31 36 0d 0a,TA0006 T1110 T1110.000
370,50 41 53 53 20 4c 4f 56 45 35 32 30 31 33 31 34 0d 0a,TA0006 T1110 T1110.000
371,50 41 53 53 20 41 64 6d 69 6e 31 32 33 0d 0a,TA0006 T1110 T1110.000
372,50 41 53 53 20 61 6e 6f 6e 79 6d 6f 75 73 32 30 31 39 0d 0a,TA0006 T1110 T1110.000
373,50 41 53 53 20 61 64 6d 30 34 30 30 0d 0a,TA0006 T1110 T1110.000
374,50 41 53 53 20 77 77 77 2d 64 61 74 61 31 0d 0a,TA0006 T1110 T1110.000
375,50 41 53 53 20 32 31 30 31 39 39 39 0d 0a,TA0006 T1110 T1110.000
376,50 41 53 53 20 72 6f 6f 74 32 30 31 37 0d 0a,TA0006 T1110 T1110.000
377,50 41 53 53 20 74 6f 6d 63 61 74 0d 0a,TA0006 T1110 T1110.000
378,50 41 53 53 20 64 62 31 0d 0a,TA0006 T1110 T1110.000
379,50 41 53 53 20 75 73 65 72 31 32 33 32 30 31 35 0d 0a,TA0006 T1110 T1110.000
380,50 41 53 53 20 7a 68 61 6e 67 62 69 6e 0d 0a,TA0006 T1110 T1110.000
381,50 41 53 53 20 74 6f 6f 72 0d 0a,TA0006 T1110 T1110.000
382,50 41 53 53 20 77 77 77 32 30 31 39 0d 0a,TA0006 T1110 T1110.000
383,50 41 53 53 20 41 64 6d 69 6e 32 30 31 37 0d 0a,TA0006 T1110 T1110.000
384,50 41 53 53 20 75 73 65 72 31 32 33 21 0d 0a,TA0006 T1110 T1110.000
385,50 41 53 53 20 62 61 63 6b 64 6f 6f 72 0d 0a,TA0006 T1110 T1110.000
386,50 41 53 53 20 41 64 6d 69 6e 32 30 31 36 0d 0a,TA0006 T1110 T1110.000
387,50 41 53 53 20 31 71 32 77 33 65 0d 0a,TA0006 T1110 T1110.000
388,50 41 53 53 20 71 77 65 72 31 32 33 0d 0a,TA0006 T1110 T1110.000
389,50 41 53 53 20 65 6d 61 63 68 69 6e 65 73 0d 0a,TA0006 T1110 T1110.000
390,50 41 53 53 20 64 61 74 61 32 30 31 36 0d 0a,TA0006 T1110 T1110.000
391,50 41 53 53 20 77 77 77 72 6f 6f 74 31 0d 0a,TA0006 T1110 T1110.000
392,50 41 53 53 20 36 39 36 39 36 39 0d 0a,TA0006 T1110 T1110.000
393,50 41 53 53 20 71 61 7a 77 73 78 0d 0a,TA0006 T1110 T1110.000
394,50 41 53 53 20 64 61 74 61 31 0d 0a,TA0006 T1110 T1110.000
395,50 41 53 53 20 77 61 6e 67 68 61 6f 0d 0a,TA0006 T1110 T1110.000
396,50 41 53 53 20 31 39 38 36 31 31 32 33 0d 0a,TA0006 T1110 T1110.000
397,50 41 53 53 20 76 69 63 74 6f 72 69 61 0d 0a,TA0006 T1110 T1110.000
398,50 41 53 53 20 31 32 33 31 32 0d 0a,TA0006 T1110 T1110.000
399,50 41 53 53 20 77 77 77 2d 64 61 74 61 0d 0a,TA0006 T1110 T1110.000
400,50 41 53 53 20 61 64 6d 69 6e 32 30 31 39 0d 0a,TA0006 T1110 T1110.000
401,50 41 53 53 20 71 77 65 72 30 31 30 34 30 33 0d 0a,TA0006 T1110 T1110.000
402,50 41 53 53 20 66 74 70 21 0d 0a,TA0006 T1110 T1110.000
403,50 41 53 53 20 41 64 6d 69 6e 21 0d 0a,TA0006 T1110 T1110.000
404,50 41 53 53 20 33 35 33 33 0d 0a,TA0006 T1110 T1110.000
405,50 41 53 53 20 70 40 35 35 77 30 72 64 0d 0a,TA0006 T1110 T1110.000
406,50 41 53 53 20 75 73 65 72 31 32 33 32 30 31 37 0d 0a,TA0006 T1110 T1110.000
407,50 41 53 53 20 75 73 65 72 3a 29 0d 0a,TA0006 T1110 T1110.000
408,50 41 53 53 20 71 61 7a 77 73 78 65 64 63 72 66 76 0d 0a,TA0006 T1110 T1110.000
409,50 41 53 53 20 73 79 73 61 64 6d 69 6e 0d 0a,TA0006 T1110 T1110.000
410,50 41 53 53 20 31 31 31 31 31 32 32 32 32 32 0d 0a,TA0006 T1110 T1110.000
411,50 41 53 53 20 72 6f 6c 65 31 0d 0a,TA0006 T1110 T1110.000
412,50 41 53 53 20 77 77 77 2d 64 61 74 61 32 30 31 39 0d 0a,TA0006 T1110 T1110.000
413,50 41 53 53 20 66 74 70 32 30 31 35 0d 0a,TA0006 T1110 T1110.000
414,50 41 53 53 20 38 38 38 38 38 38 38 38 38 0d 0a,TA0006 T1110 T1110.000
415,50 41 53 53 20 31 32 33 34 35 36 37 38 39 30 0d 0a,TA0006 T1110 T1110.000
416,50 41 53 53 20 35 32 30 31 33 31 34 37 38 39 0d 0a,TA0006 T1110 T1110.000
417,50 41 53 53 20 71 77 65 72 74 0d 0a,TA0006 T1110 T1110.000
418,50 41 53 53 20 6c 6f 6c 0d 0a,TA0006 T1110 T1110.000
419,50 41 53 53 20 61 64 6d 69 6e 61 64 6d 69 6e 0d 0a,TA0006 T1110 T1110.000
420,50 41 53 53 20 38 38 38 38 38 38 38 0d 0a,TA0006 T1110 T1110.000
421,50 41 53 53 20 77 65 62 0d 0a,TA0006 T1110 T1110.000
422,50 41 53 53 20 56 69 63 74 6f 72 69 61 0d 0a,TA0006 T1110 T1110.000
423,50 41 53 53 20 64 61 74 61 32 30 31 35 0d 0a,TA0006 T1110 T1110.000
424,50 41 53 53 20 61 64 6d 69 6e 31 32 33 0d 0a,TA0006 T1110 T1110.000
425,50 41 53 53 20 57 31 4e 44 4f 57 53 0d 0a,TA0006 T1110 T1110.000
426,50 41 53 53 20 33 31 35 33 31 35 0d 0a,TA0006 T1110 T1110.000
427,50 41 53 53 20 72 6f 6f 74 32 30 31 35 0d 0a,TA0006 T1110 T1110.000
428,50 41 53 53 20 75 73 65 72 31 32 33 31 0d 0a,TA0006 T1110 T1110.000
429,50 41 53 53 20 61 64 6d 69 6e 69 73 74 72 61 74 6f 72 31 32 33 0d 0a,TA0006 T1110 T1110.000
430,50 41 53 53 20 65 67 6f 69 73 74 65 0d 0a,TA0006 T1110 T1110.000
431,50 41 53 53 20 6d 61 73 74 65 72 0d 0a,TA0006 T1110 T1110.000
432,50 41 53 53 20 77 61 6e 67 78 69 6e 0d 0a,TA0006 T1110 T1110.000
433,50 41 53 53 20 61 62 63 0d 0a,TA0006 T1110 T1110.000
434,50 41 53 53 20 31 39 38 38 31 30 31 30 0d 0a,TA0006 T1110 T1110.000
435,50 41 53 53 20 31 36 33 31 36 33 0d 0a,TA0006 T1110 T1110.000
436,50 41 53 53 20 31 39 38 36 31 30 32 32 0d 0a,TA0006 T1110 T1110.000
437,50 41 53 53 20 70 72 6f 74 6f 63 6f 6c 0d 0a,TA0006 T1110 T1110.000
438,50 41 53 53 20 77 77 77 2d 64 61 74 61 31 32 33 0d 0a,TA0006 T1110 T1110.000
439,50 41 53 53 20 7a 78 63 76 62 6e 6d 0d 0a,TA0006 T1110 T1110.000
440,50 41 53 53 20 66 6f 6f 62 61 72 0d 0a,TA0006 T1110 T1110.000
441,50 41 53 53 20 62 61 6f 62 61 6f 35 32 30 0d 0a,TA0006 T1110 T1110.000
442,50 41 53 53 20 70 75 73 73 79 0d 0a,TA0006 T1110 T1110.000
443,50 41 53 53 20 61 64 6d 69 6e 69 73 74 72 61 74 6f 72 21 0d 0a,TA0006 T1110 T1110.000
444,50 41 53 53 20 4d 30 74 48 33 72 6f 30 0d 0a,TA0006 T1110 T1110.000
445,50 41 53 53 20 61 6e 6f 6e 79 6d 6f 75 73 32 30 31 38 0d 0a,TA0006 T1110 T1110.000
446,50 41 53 53 20 61 6e 6f 6e 79 6d 6f 75 73 40 67 6d 61 69 6c 2e 63 6f 6d 0d 0a,TA0006 T1110 T1110.000
447,50 41 53 53 20 32 32 32 32 32 32 0d 0a,TA0006 T1110 T1110.000
448,50 41 53 53 20 75 73 65 72 32 30 31 37 0d 0a,TA0006 T1110 T1110.000
449,50 41 53 53 20 73 61 6d 70 73 6f 6e 0d 0a,TA0006 T1110 T1110.000
450,50 41 53 53 20 41 64 6d 69 6e 32 30 31 38 0d 0a,TA0006 T1110 T1110.000
451,50 41 53 53 20 31 33 31 34 35 32 30 30 30 0d 0a,TA0006 T1110 T1110.000
452,50 41 53 53 20 66 72 65 64 65 72 69 63 0d 0a,TA0006 T1110 T1110.000
453,50 41 53 53 20 77 65 62 32 30 31 37 0d 0a,TA0006 T1110 T1110.000
454,50 41 53 53 20 31 32 71 77 61 73 7a 78 0d 0a,TA0006 T1110 T1110.000
455,50 41 53 53 20 31 39 38 35 31 31 32 30 0d 0a,TA0006 T1110 T1110.000
456,50 41 53 53 20 31 31 31 31 31 31 31 31 0d 0a,TA0006 T1110 T1110.000
457,50 41 53 53 20 61 6e 6f 6e 79 6d 6f 75 73 32 30 31 35 0d 0a,TA0006 T1110 T1110.000
458,50 41 53 53 20 31 32 33 34 0d 0a,TA0006 T1110 T1110.000
459,50 41 53 53 20 37 37 37 37 37 37 0d 0a,TA0006 T1110 T1110.000
460,50 41 53 53 20 64 72 61 67 6f 6e 0d 0a,TA0006 T1110 T1110.000
461,50 41 53 53 20 72 6f 6f 74 31 0d 0a,TA0006 T1110 T1110.000
462,50 41 53 53 20 6d 65 67 67 69 65 0d 0a,TA0006 T1110 T1110.000
463,50 41 53 53 20 38 30 30 38 32 30 38 38 32 30 0d 0a,TA0006 T1110 T1110.000
464,50 41 53 53 20 6e 69 63 6f 6c 61 73 0d 0a,TA0006 T1110 T1110.000
465,50 41 53 53 20 77 77 77 32 30 31 38 0d 0a,TA0006 T1110 T1110.000
466,50 41 53 53 20 31 37 31 32 30 34 6a 67 0d 0a,TA0006 T1110 T1110.000
467,50 41 53 53 20 6c 65 78 75 73 31 0d 0a,TA0006 T1110 T1110.000
468,50 41 53 53 20 61 64 6d 69 6e 32 30 31 35 0d 0a,TA0006 T1110 T1110.000
469,50 41 53 53 20 7a 78 63 76 31 32 33 0d 0a,TA0006 T1110 T1110.000
470,50 41 53 53 20 31 32 33 34 33 32 31 0d 0a,TA0006 T1110 T1110.000
471,50 41 53 53 20 74 65 73 74 31 0d 0a,TA0006 T1110 T1110.000
472,50 41 53 53 20 63 68 6f 63 6f 6c 61 74 0d 0a,TA0006 T1110 T1110.000
473,50 41 53 53 20 73 68 61 64 6f 77 0d 0a,TA0006 T1110 T1110.000
474,50 41 53 53 20 61 70 61 63 68 65 0d 0a,TA0006 T1110 T1110.000
475,50 41 53 53 20 62 75 73 69 6e 65 73 73 0d 0a,TA0006 T1110 T1110.000
476,50 41 53 53 20 36 35 34 33 32 31 0d 0a,TA0006 T1110 T1110.000
477,50 41 53 53 20 31 39 38 36 31 30 32 34 0d 0a,TA0006 T1110 T1110.000
478,50 41 53 53 20 31 30 30 30 30 30 0d 0a,TA0006 T1110 T1110.000
479,50 41 53 53 20 50 6f 73 74 67 72 65 53 51 4c 0d 0a,TA0006 T1110 T1110.000
480,50 41 53 53 20 61 73 64 66 0d 0a,TA0006 T1110 T1110.000
481,50 41 53 53 20 64 62 32 30 31 35 0d 0a,TA0006 T1110 T1110.000
482,50 41 53 53 20 31 32 33 34 35 36 37 38 39 61 61 61 0d 0a,TA0006 T1110 T1110.000
483,50 41 53 53 20 64 61 74 61 32 30 31 38 0d 0a,TA0006 T1110 T1110.000
484,50 41 53 53 20 64 62 31 32 33 0d 0a,TA0006 T1110 T1110.000
485,50 41 53 53 20 77 6f 61 69 6e 69 0d 0a,TA0006 T1110 T1110.000
486,50 41 53 53 20 73 61 6d 73 75 6e 67 0d 0a,TA0006 T1110 T1110.000
487,50 41 53 53 20 61 70 70 6c 65 0d 0a,TA0006 T1110 T1110.000
488,50 41 53 53 20 74 65 73 74 69 6e 67 0d 0a,TA0006 T1110 T1110.000
489,50 41 53 53 20 31 39 38 36 31 30 31 33 0d 0a,TA0006 T1110 T1110.000
490,50 41 53 53 20 75 73 65 72 31 32 33 75 73 65 72 31 32 33 0d 0a,TA0006 T1110 T1110.000
491,50 41 53 53 20 6e 69 6d 61 62 69 0d 0a,TA0006 T1110 T1110.000
492,50 41 53 53 20 50 40 73 73 77 30 72 64 21 21 0d 0a,TA0006 T1110 T1110.000
493,50 41 53 53 20 31 32 33 71 77 65 0d 0a,TA0006 T1110 T1110.000
494,50 41 53 53 20 77 77 77 31 32 33 0d 0a,TA0006 T1110 T1110.000
495,50 41 53 53 20 75 73 65 72 31 0d 0a,TA0006 T1110 T1110.000
496,50 41 53 53 20 31 39 38 37 31 30 32 30 0d 0a,TA0006 T1110 T1110.000
497,50 41 53 53 20 74 65 73 74 32 30 31 35 0d 0a,TA0006 T1110 T1110.000
498,50 41 53 53 20 61 64 6d 69 6e 32 30 31 36 0d 0a,TA0006 T1110 T1110.000
499,50 41 53 53 20 73 74 61 72 77 61 72 73 0d 0a,TA0006 T1110 T1110.000
500,50 41 53 53 20 76 69 6f 6c 69 6e 0d 0a,TA0006 T1110 T1110.000
501,50 41 53 53 20 32 39 39 37 39 32 34 35 38 0d 0a,TA0006 T1110 T1110.000
502,50 41 53 53 20 77 68 64 73 61 72 6f 6f 74 0d 0a,TA0006 T1110 T1110.000
503,50 41 53 53 20 61 64 6d 69 6e 69 73 74 72 61 74 6f 72 0d 0a,TA0006 T1110 T1110.000
504,50 41 53 53 20 61 6e 6f 6e 79 6d 6f 75 73 31 0d 0a,TA0006 T1110 T1110.000
505,50 41 53 53 20 31 2e 31 31 31 31 31 45 2b 31 35 0d 0a,TA0006 T1110 T1110.000
506,50 41 53 53 20 71 77 65 72 74 79 31 32 33 34 35 36 0d 0a,TA0006 T1110 T1110.000
507,50 41 53 53 20 71 77 61 31 32 33 0d 0a,TA0006 T1110 T1110.000
508,50 41 53 53 20 77 77 77 2d 64 61 74 61 32 30 31 35 0d 0a,TA0006 T1110 T1110.000
509,50 41 53 53 20 70 61 73 73 0d 0a,TA0006 T1110 T1110.000
510,50 41 53 53 20 68 75 72 72 72 0d 0a,TA0006 T1110 T1110.000
511,50 41 53 53 20 61 6e 6f 6e 79 6d 6f 75 73 21 0d 0a,TA0006 T1110 T1110.000
512,50 41 53 53 20 0d 0a,TA0006 T1110 T1110.000
513,50 41 53 53 20 66 61 6e 67 66 61 6e 67 0d 0a,TA0006 T1110 T1110.000
514,50 41 53 53 20 50 43 31 32 33 0d 0a,TA0006 T1110 T1110.000
515,50 41 53 53 20 31 39 38 36 31 30 32 38 0d 0a,TA0006 T1110 T1110.000
516,50 41 53 53 20 31 31 31 31 31 0d 0a,TA0006 T1110 T1110.000
517,50 41 53 53 20 35 32 30 31 33 31 34 0d 0a,TA0006 T1110 T1110.000
518,50 41 53 53 20 63 68 61 6e 67 65 6d 65 0d 0a,TA0006 T1110 T1110.000
519,50 41 53 53 20 64 61 74 61 0d 0a,TA0006 T1110 T1110.000
520,50 41 53 53 20 75 73 65 72 32 30 31 39 0d 0a,TA0006 T1110 T1110.000
521,50 41 53 53 20 63 68 72 6f 6d 65 40 65 78 61 6d 70 6c 65 2e 63 6f 6d 0d 0a,TA0006 T1110 T1110.000
522,50 41 53 53 20 6d 61 74 72 69 78 0d 0a,TA0006 T1110 T1110.000
523,50 41 53 53 20 64 62 32 30 31 38 0d 0a,TA0006 T1110 T1110.000
524,50 41 53 53 20 72 6f 6c 65 0d 0a,TA0006 T1110 T1110.000
525,50 41 53 53 20 64 62 21 0d 0a,TA0006 T1110 T1110.000
526,50 41 53 53 20 72 6f 6f 74 32 30 31 36 0d 0a,TA0006 T1110 T1110.000
527,50 41 53 53 20 61 62 63 31 32 33 34 35 36 0d 0a,TA0006 T1110 T1110.000
528,50 41 53 53 20 31 39 38 36 31 30 31 31 0d 0a,TA0006 T1110 T1110.000
529,50 41 53 53 20 64 61 74 61 32 30 31 37 0d 0a,TA0006 T1110 T1110.000
530,50 41 53 53 20 35 35 35 0d 0a,TA0006 T1110 T1110.000
531,50 41 53 53 20 73 61 0d 0a,TA0006 T1110 T1110.000
532,50 41 53 53 20 63 75 65 72 76 6f 0d 0a,TA0006 T1110 T1110.000
533,50 41 53 53 20 6d 61 72 79 0d 0a,TA0006 T1110 T1110.000
534,50 41 53 53 20 36 36 36 36 36 36 0d 0a,TA0006 T1110 T1110.000
535,50 41 53 53 20 31 32 33 34 35 36 37 38 39 0d 0a,TA0006 T1110 T1110.000
536,50 41 53 53 20 73 75 6d 6d 69 74 0d 0a,TA0006 T1110 T1110.000
537,50 41 53 53 20 72 6f 6f 74 21 0d 0a,TA0006 T1110 T1110.000
538,50 41 53 53 20 61 6e 6f 6e 79 6d 6f 75 73 31 32 33 0d 0a,TA0006 T1110 T1110.000
539,50 41 53 53 20 31 71 32 77 33 65 34 72 0d 0a,TA0006 T1110 T1110.000
540,50 41 53 53 20 31 31 31 31 0d 0a,TA0006 T1110 T1110.000
541,50 41 53 53 20 74 65 6d 70 0d 0a,TA0006 T1110 T1110.000
542,50 41 53 53 20 46 6f 72 77 61 72 64 0d 0a,TA0006 T1110 T1110.000
543,50 41 53 53 20 66 74 70 66 74 70 0d 0a,TA0006 T1110 T1110.000
544,50 41 53 53 20 63 69 73 63 6f 0d 0a,TA0006 T1110 T1110.000
545,50 41 53 53 20 61 64 6d 69 6e 69 73 74 72 61 74 6f 72 61 64 6d 69 6e 69 73 74 72 61 74 6f 72 0d 0a,TA0006 T1110 T1110.000
546,50 41 53 53 20 73 79 73 74 65 6d 0d 0a,TA0006 T1110 T1110.000
547,50 41 53 53 20 77 65 62 77 65 62 0d 0a,TA0006 T1110 T1110.000
548,50 41 53 53 20 70 6c 61 74 74 65 72 0d 0a,TA0006 T1110 T1110.000
549,50 41 53 53 20 68 61 6d 69 64 65 0d 0a,TA0006 T1110 T1110.000
550,50 41 53 53 20 70 61 73 73 77 6f 72 64 0d 0a,TA0006 T1110 T1110.000
551,50 41 53 53 20 6d 6d 6d 6d 6d 6d 0d 0a,TA0006 T1110 T1110.000
552,50 41 53 53 20 61 64 6f 62 65 31 32 33 0d 0a,TA0006 T1110 T1110.000
553,50 41 53 53 20 70 40 73 73 77 30 72 64 0d 0a,TA0006 T1110 T1110.000
554,50 41 53 53 20 31 2e 32 33 34 35 37 45 2b 31 35 0d 0a,TA0006 T1110 T1110.000
555,50 41 53 53 20 53 69 73 74 65 6d 61 0d 0a,TA0006 T1110 T1110.000
556,50 41 53 53 20 55 33 38 66 61 33 39 0d 0a,TA0006 T1110 T1110.000
557,50 41 53 53 20 64 62 0d 0a,TA0006 T1110 T1110.000
558,50 41 53 53 20 74 65 73 74 30 38 30 38 30 36 0d 0a,TA0006 T1110 T1110.000
559,50 41 53 53 20 77 77 77 72 6f 6f 74 32 30 31 35 0d 0a,TA0006 T1110 T1110.000
560,50 41 53 53 20 21 72 6f 6f 74 21 0d 0a,TA0006 T1110 T1110.000
561,50 41 53 53 20 44 49 4f 53 45 53 46 49 45 4c 0d 0a,TA0006 T1110 T1110.000
562,50 41 53 53 20 75 73 65 72 31 32 33 32 30 31 36 0d 0a,TA0006 T1110 T1110.000
563,50 41 53 53 20 31 39 38 36 31 30 32 31 0d 0a,TA0006 T1110 T1110.000
564,50 41 53 53 20 31 71 61 7a 31 71 61 7a 0d 0a,TA0006 T1110 T1110.000
565,50 41 53 53 20 31 39 38 34 31 30 31 38 0d 0a,TA0006 T1110 T1110.000
566,50 41 53 53 20 72 6f 6f 74 0d 0a,TA0006 T1110 T1110.000
567,50 41 53 53 20 50 40 73 73 77 30 72 64 0d 0a,TA0006 T1110 T1110.000
568,50 41 53 53 20 36 31 31 32 0d 0a,TA0006 T1110 T1110.000
569,50 41 53 53 20 66 6f 6f 74 62 61 6c 6c 0d 0a,TA0006 T1110 T1110.000
570,50 41 53 53 20 31 32 33 0d 0a,TA0006 T1110 T1110.000
571,50 41 53 53 20 61 75 62 65 72 67 69 6e 65 0d 0a,TA0006 T1110 T1110.000
572,50 41 53 53 20 34 37 36 37 33 30 37 35 31 0d 0a,TA0006 T1110 T1110.000
573,50 41 53 53 20 71 77 65 72 74 79 0d 0a,TA0006 T1110 T1110.000
574,50 41 53 53 20 41 64 6d 69 6e 32 30 31 39 0d 0a,TA0006 T1110 T1110.000
575,50 41 53 53 20 77 77 77 72 6f 6f 74 32 30 31 38 0d 0a,TA0006 T1110 T1110.000
576,50 41 53 53 20 71 71 71 77 77 77 0d 0a,TA0006 T1110 T1110.000
577,50 41 53 53 20 61 69 64 65 6a 69 75 73 68 69 6e 69 0d 0a,TA0006 T1110 T1110.000
578,50 41 53 53 20 75 73 65 72 32 30 31 36 0d 0a,TA0006 T1110 T1110.000
579,50 41 53 53 20 66 74 70 0d 0a,TA0006 T1110 T1110.000
580,50 41 53 53 20 31 30 32 32 0d 0a,TA0006 T1110 T1110.000
581,50 41 53 53 20 61 64 6d 69 6e 40 65 78 61 6d 70 6c 65 2e 63 6f 6d 0d 0a,TA0006 T1110 T1110.000
582,50 41 53 53 20 64 62 32 30 31 37 0d 0a,TA0006 T1110 T1110.000
583,50 41 53 53 20 77 77 77 2d 64 61 74 61 21 0d 0a,TA0006 T1110 T1110.000
584,50 41 53 53 20 6d 61 6e 61 67 65 72 0d 0a,TA0006 T1110 T1110.000
585,50 41 53 53 20 31 32 33 36 35 34 0d 0a,TA0006 T1110 T1110.000
586,50 41 53 53 20 73 65 63 72 65 74 0d 0a,TA0006 T1110 T1110.000
587,50 41 53 53 20 74 65 73 74 21 0d 0a,TA0006 T1110 T1110.000
588,50 41 53 53 20 70 61 72 6f 6c 61 0d 0a,TA0006 T1110 T1110.000
589,50 41 53 53 20 61 7a 31 32 33 34 35 36 0d 0a,TA0006 T1110 T1110.000
590,50 41 53 53 20 72 30 30 74 0d 0a,TA0006 T1110 T1110.000
591,50 41 53 53 20 63 6f 6d 70 75 74 65 72 0d 0a,TA0006 T1110 T1110.000
592,50 41 53 53 20 31 39 38 35 31 30 31 35 0d 0a,TA0006 T1110 T1110.000
593,50 41 53 53 20 31 39 38 34 31 30 32 33 0d 0a,TA0006 T1110 T1110.000
594,50 41 53 53 20 77 77 77 77 77 77 0d 0a,TA0006 T1110 T1110.000
595,50 41 53 53 20 31 39 38 36 31 31 32 31 0d 0a,TA0006 T1110 T1110.000
596,50 41 53 53 20 4e 53 41 61 64 6d 69 6e 75 73 65 72 6e 61 6d 65 0d 0a,TA0006 T1110 T1110.000
597,50 41 53 53 20 67 75 69 6c 64 77 61 72 73 0d 0a,TA0006 T1110 T1110.000
598,50 41 53 53 20 64 62 32 30 31 36 0d 0a,TA0006 T1110 T1110.000
599,50 41 53 53 20 74 65 73 74 32 30 31 39 0d 0a,TA0006 T1110 T1110.000
600,50 41 53 53 20 45 74 6e 58 74 78 53 61 36 35 0d 0a,TA0006 T1110 T1110.000
601,50 41 53 53 20 62 65 6e 7a 0d 0a,TA0006 T1110 T1110.000
602,50 41 53 53 20 6f 72 61 63 6c 65 0d 0a,TA0006 T1110 T1110.000
603,50 41 53 53 20 41 64 6d 69 6e 31 0d 0a,TA0006 T1110 T1110.000
604,50 41 53 53 20 74 65 73 74 74 65 73 74 0d 0a,TA0006 T1110 T1110.000
605,50 41 53 53 20 31 31 31 32 32 32 0d 0a,TA0006 T1110 T1110.000
606,50 41 53 53 20 31 32 33 34 35 36 37 0d 0a,TA0006 T1110 T1110.000
607,50 41 53 53 20 68 65 6c 70 6d 65 0d 0a,TA0006 T1110 T1110.000
608,50 41 53 53 20 77 77 77 2d 64 61 74 61 32 30 31 38 0d 0a,TA0006 T1110 T1110.000
609,50 41 53 53 20 4e 63 46 54 50 40 0d 0a,TA0006 T1110 T1110.000
610,50 41 53 53 20 73 65 72 76 65 72 0d 0a,TA0006 T1110 T1110.000
611,50 41 53 53 20 61 7a 65 72 74 79 0d 0a,TA0006 T1110 T1110.000
612,50 41 53 53 20 64 62 32 30 31 39 0d 0a,TA0006 T1110 T1110.000
613,50 41 53 53 20 77 77 77 2d 64 61 74 61 32 30 31 36 0d 0a,TA0006 T1110 T1110.000
614,50 41 53 53 20 72 6f 6f 74 31 32 33 0d 0a,TA0006 T1110 T1110.000
615,50 41 53 53 20 75 73 65 72 75 73 65 72 0d 0a,TA0006 T1110 T1110.000
616,50 41 53 53 20 75 73 65 72 21 0d 0a,TA0006 T1110 T1110.000
617,50 41 53 53 20 41 4e 54 49 34 34 34 0d 0a,TA0006 T1110 T1110.000
618,50 41 53 53 20 61 73 64 61 73 64 0d 0a,TA0006 T1110 T1110.000
619,50 41 53 53 20 31 32 33 34 35 36 7a 7a 0d 0a,TA0006 T1110 T1110.000
620,50 41 53 53 20 4e 65 74 77 6f 72 6b 70 34 73 73 0d 0a,TA0006 T1110 T1110.000
621,50 41 53 53 20 31 39 38 35 31 32 32 35 0d 0a,TA0006 T1110 T1110.000
622,50 41 53 53 20 67 65 6e 65 72 61 6c 0d 0a,TA0006 T1110 T1110.000
623,50 41 53 53 20 70 61 73 73 31 32 33 34 0d 0a,TA0006 T1110 T1110.000
624,50 41 53 53 20 72 6f 6f 74 76 69 65 77 75 73 65 72 0d 0a,TA0006 T1110 T1110.000
625,50 41 53 53 20 70 40 73 73 77 30 72 64 21 0d 0a,TA0006 T1110 T1110.000
626,50 41 53 53 20 74 65 73 74 31 32 33 0d 0a,TA0006 T1110 T1110.000
627,50 41 53 53 20 64 70 62 6b 31 32 33 34 0d 0a,TA0006 T1110 T1110.000
628,50 41 53 53 20 41 6c 65 78 30 32 30 33 30 33 0d 0a,TA0006 T1110 T1110.000
629,50 41 53 53 20 74 75 64 65 6c 66 74 0d 0a,TA0006 T1110 T1110.000
630,50 41 53 53 20 77 77 77 21 0d 0a,TA0006 T1110 T1110.000
631,50 41 53 53 20 75 73 65 72 0d 0a,TA0006 T1110 T1110.000
632,50 41 53 53 20 33 31 33 33 37 0d 0a,TA0006 T1110 T1110.000
633,50 41 53 53 20 7a 68 61 6e 67 6b 61 69 0d 0a,TA0006 T1110 T1110.000
634,50 41 53 53 20 77 65 62 31 0d 0a,TA0006 T1110 T1110.000
635,50 41 53 53 20 66 6f 72 65 6e 73 69 63 73 0d 0a,TA0006 T1110 T1110.000
636,50 41 53 53 20 61 6e 6f 6e 79 6d 6f 75 73 77 65 62 6c 6f 67 69 63 0d 0a,TA0006 T1110 T1110.000
637,50 41 53 53 20 64 61 74 61 32 30 31 39 0d 0a,TA0006 T1110 T1110.000
638,50 41 53 53 20 2a 2a 2a 2a 2a 2a 0d 0a,TA0006 T1110 T1110.000
639,50 41 53 53 20 31 39 38 33 31 32 0d 0a,TA0006 T1110 T1110.000
640,50 41 53 53 20 65 6c 65 70 68 61 6e 74 0d 0a,TA0006 T1110 T1110.000
641,50 41 53 53 20 77 6f 6d 65 6e 0d 0a,TA0006 T1110 T1110.000
642,50 41 53 53 20 61 6e 6f 6e 79 6d 6f 75 73 61 6e 6f 6e 79 6d 6f 75 73 0d 0a,TA0006 T1110 T1110.000
643,50 41 53 53 20 53 61 6c 61 6d 0d 0a,TA0006 T1110 T1110.000
644,50 41 53 53 20 61 64 6d 69 6e 31 0d 0a,TA0006 T1110 T1110.000
645,50 41 53 53 20 43 40 6c 6c 32 70 31 6e 6b 0d 0a,TA0006 T1110 T1110.000
646,50 41 53 53 20 75 73 65 72 32 30 31 35 0d 0a,TA0006 T1110 T1110.000
647,50 41 53 53 20 70 6f 6b 65 6d 6f 6e 0d 0a,TA0006 T1110 T1110.000
648,50 41 53 53 20 77 77 77 31 32 33 34 35 36 37 38 39 0d 0a,TA0006 T1110 T1110.000
649,50 41 53 53 20 67 6f 6c 66 65 72 0d 0a,TA0006 T1110 T1110.000
650,50 41 53 53 20 6d 79 73 71 6c 0d 0a,TA0006 T1110 T1110.000
651,50 41 53 53 20 6a 6f 65 0d 0a,TA0006 T1110 T1110.000
652,50 41 53 53 20 35 32 31 30 30 30 0d 0a,TA0006 T1110 T1110.000
653,50 41 53 53 20 6a 61 6d 66 73 6f 66 74 77 61 72 65 0d 0a,TA0006 T1110 T1110.000
654,50 41 53 53 20 66 74 70 31 32 33 0d 0a,TA0006 T1110 T1110.000
655,50 41 53 53 20 30 30 38 34 30 30 0d 0a,TA0006 T1110 T1110.000
656,50 41 53 53 20 55 39 30 30 30 0d 0a,TA0006 T1110 T1110.000
657,50 41 53 53 20 64 61 74 61 31 32 33 0d 0a,TA0006 T1110 T1110.000
658,50 41 53 53 20 41 64 6d 69 6e 32 30 31 35 0d 0a,TA0006 T1110 T1110.000
659,50 41 53 53 20 72 61 62 62 69 74 31 0d 0a,TA0006 T1110 T1110.000
660,50 41 53 53 20 6b 75 6e 61 6c 0d 0a,TA0006 T1110 T1110.000
661,50 41 53 53 20 73 74 65 76 65 6e 0d 0a,TA0006 T1110 T1110.000
662,50 41 53 53 20 61 64 6d 69 6e 69 73 74 72 61 74 6f 72 32 30 31 38 0d 0a,TA0006 T1110 T1110.000
663,50 41 53 53 20 61 31 34 37 32 35 38 0d 0a,TA0006 T1110 T1110.000
664,50 41 53 53 20 37 38 34 35 31 32 0d 0a,TA0006 T1110 T1110.000
665,50 41 53 53 20 69 6e 66 6f 0d 0a,TA0006 T1110 T1110.000
666,50 41 53 53 20 50 40 53 53 57 30 52 44 0d 0a,TA0006 T1110 T1110.000
667,50 41 53 53 20 77 77 77 72 6f 6f 74 0d 0a,TA0006 T1110 T1110.000
668,50 41 53 53 20 66 75 63 6b 79 6f 75 0d 0a,TA0006 T1110 T1110.000
669,50 41 53 53 20 61 62 63 31 32 33 0d 0a,TA0006 T1110 T1110.000
670,50 41 53 53 20 66 74 70 32 30 31 37 0d 0a,TA0006 T1110 T1110.000
671,50 41 53 53 20 32 31 30 31 32 33 0d 0a,TA0006 T1110 T1110.000
672,50 41 53 53 20 68 61 6c 6c 6f 0d 0a,TA0006 T1110 T1110.000
673,50 41 53 53 20 65 64 67 65 73 0d 0a,TA0006 T1110 T1110.000
674,50 41 53 53 20 61 73 75 73 31 33 30 35 0d 0a,TA0006 T1110 T1110.000
675,50 41 53 53 20 65 6c 66 61 6c 67 0d 0a,TA0006 T1110 T1110.000
676,50 41 53 53 20 34 53 77 65 65 74 43 61 6e 64 79 31 0d 0a,TA0006 T1110 T1110.000
677,50 41 53 53 20 77 68 69 74 65 0d 0a,TA0006 T1110 T1110.000
678,50 41 53 53 20 61 6e 6f 6e 79 6d 6f 75 73 40 65 78 61 6d 70 6c 65 2e 63 6f 6d 0d 0a,TA0006 T1110 T1110.000
679,50 41 53 53 20 6c 6f 6c 31 32 33 0d 0a,TA0006 T1110 T1110.000
680,50 41 53 53 20 6c 65 70 61 73 73 61 64 6d 69 6e 0d 0a,TA0006 T1110 T1110.000
681,50 41 53 53 20 64 65 6d 6f 0d 0a,TA0006 T1110 T1110.000
682,50 41 53 53 20 61 61 61 61 61 61 0d 0a,TA0006 T1110 T1110.000
683,50 41 53 53 20 70 61 6b 69 73 74 61 6e 0d 0a,TA0006 T1110 T1110.000
684,50 41 53 53 20 66 72 6f 6e 74 69 65 72 0d 0a,TA0006 T1110 T1110.000
685,50 41 53 53 20 31 32 33 34 35 36 37 38 39 41 42 43 0d 0a,TA0006 T1110 T1110.000
686,50 41 53 53 20 37 38 39 35 31 32 33 0d 0a,TA0006 T1110 T1110.000
687,50 41 53 53 20 71 71 35 32 30 31 33 31 34 0d 0a,TA0006 T1110 T1110.000
688,50 41 53 53 20 65 6d 6d 61 6e 75 65 6c 32 30 0d 0a,TA0006 T1110 T1110.000
689,50 41 53 53 20 6c 6f 76 65 0d 0a,TA0006 T1110 T1110.000
690,50 41 53 53 20 63 69 61 6f 0d 0a,TA0006 T1110 T1110.000
691,50 41 53 53 20 6e 6f 6e 65 0d 0a,TA0006 T1110 T1110.000
692,50 41 53 53 20 6c 69 31 32 33 34 35 36 0d 0a,TA0006 T1110 T1110.000
693,50 41 53 53 20 32 38 31 38 37 34 0d 0a,TA0006 T1110 T1110.000
694,50 41 53 53 20 72 6f 62 65 72 74 0d 0a,TA0006 T1110 T1110.000
695,50 41 53 53 20 77 61 72 63 72 61 66 74 0d 0a,TA0006 T1110 T1110.000
696,50 41 53 53 20 7a 68 6f 75 62 61 0d 0a,TA0006 T1110 T1110.000
697,50 41 53 53 20 61 61 61 0d 0a,TA0006 T1110 T1110.000
698,50 41 53 53 20 68 65 6c 6c 6f 0d 0a,TA0006 T1110 T1110.000
699,50 41 53 53 20 32 31 30 31 32 33 34 0d 0a,TA0006 T1110 T1110.000
700,50 41 53 53 20 38 38 38 38 38 38 38 38 0d 0a,TA0006 T1110 T1110.000
701,50 41 53 53 20 61 73 75 73 30 38 30 30 0d 0a,TA0006 T1110 T1110.000
702,50 41 53 53 20 76 69 6e 69 63 69 75 73 0d 0a,TA0006 T1110 T1110.000
703,50 41 53 53 20 67 61 74 6f 72 0d 0a,TA0006 T1110 T1110.000
704,50 41 53 53 20 61 6f 6c 69 67 65 69 0d 0a,TA0006 T1110 T1110.000
705,50 41 53 53 20 72 61 73 74 61 31 0d 0a,TA0006 T1110 T1110.000
706,50 41 53 53 20 31 33 35 37 39 30 0d 0a,TA0006 T1110 T1110.000
707,50 41 53 53 20 32 31 30 32 30 30 33 0d 0a,TA0006 T1110 T1110.000
708,50 41 53 53 20 79 6f 6d 61 6d 61 0d 0a,TA0006 T1110 T1110.000
709,50 41 53 53 20 6c 6f 76 65 72 0d 0a,TA0006 T1110 T1110.000
710,50 41 53 53 20 6d 6f 7a 69 6c 6c 61 40 65 78 61 6d 70 6c 65 2e 63 6f 6d 0d 0a,TA0006 T1110 T1110.000
711,50 41 53 53 20 7a 78 63 76 62 6e 0d 0a,TA0006 T1110 T1110.000
712,50 41 53 53 20 50 61 73 73 77 6f 72 64 31 0d 0a,TA0006 T1110 T1110.000
713,50 41 53 53 20 35 35 35 35 35 35 0d 0a,TA0006 T1110 T1110.000
714,50 41 53 53 20 39 38 37 36 35 34 33 32 31 0d 0a,TA0006 T1110 T1110.000
715,50 41 53 53 20 35 38 34 31 33 31 34 32 31 0d 0a,TA0006 T1110 T1110.000
716,50 41 53 53 20 48 6f 73 74 32 30 30 33 0d 0a,TA0006 T1110 T1110.000
717,50 41 53 53 20 44 65 6d 6f 0d 0a,TA0006 T1110 T1110.000
718,50 41 53 53 20 6d 65 6c 76 69 6e 0d 0a,TA0006 T1110 T1110.000
719,50 41 53 53 20 31 35 39 37 35 33 0d 0a,TA0006 T1110 T1110.000
720,50 41 53 53 20 68 75 6e 74 65 72 0d 0a,TA0006 T1110 T1110.000
721,50 41 53 53 20 f0 61 73 73 30 34 30 31 30 35 0d 0a,TA0006 T1110 T1110.000
722,50 41 53 53 20 39 35 31 37 35 33 0d 0a,TA0006 T1110 T1110.000
723,50 41 53 53 20 65 6c 61 69 6e 65 0d 0a,TA0006 T1110 T1110.000
724,50 41 53 53 20 71 77 65 72 74 79 75 0d 0a,TA0006 T1110 T1110.000
725,50 41 53 53 20 54 45 53 54 0d 0a,TA0006 T1110 T1110.000
726,50 41 53 53 20 6b 69 6c 6c 65 72 0d 0a,TA0006 T1110 T1110.000
727,50 41 53 53 20 6c 69 7a 0d 0a,TA0006 T1110 T1110.000
728,50 41 53 53 20 36 36 36 0d 0a,TA0006 T1110 T1110.000
729,50 41 53 53 20 50 50 50 0d 0a,TA0006 T1110 T1110.000
730,50 41 53 53 20 6d 61 68 61 6c 6b 69 74 61 0d 0a,TA0006 T1110 T1110.000
731,50 41 53 53 20 65 6d 69 6e 65 6d 0d 0a,TA0006 T1110 T1110.000
732,50 41 53 53 20 63 61 6c 76 69 6e 0d 0a,TA0006 T1110 T1110.000
733,50 41 53 53 20 4d 65 72 6c 6f 74 0d 0a,TA0006 T1110 T1110.000
734,50 41 53 53 20 31 31 30 36 30 35 0d 0a,TA0006 T1110 T1110.000
735,50 41 53 53 20 31 32 33 34 35 61 0d 0a,TA0006 T1110 T1110.000
736,50 41 53 53 20 31 34 32 38 35 37 0d 0a,TA0006 T1110 T1110.000
737,50 41 53 53 20 31 71 31 71 31 71 0d 0a,TA0006 T1110 T1110.000
738,50 41 53 53 20 36 36 38 38 39 39 0d 0a,TA0006 T1110 T1110.000
739,50 41 53 53 20 42 4d 57 4d 35 0d 0a,TA0006 T1110 T1110.000
740,50 41 53 53 20 7a 68 61 6e 67 68 75 69 0d 0a,TA0006 T1110 T1110.000
741,50 41 53 53 20 31 32 33 34 35 36 37 38 39 71 77 65 0d 0a,TA0006 T1110 T1110.000
742,50 41 53 53 20 73 77 69 74 7a 65 72 6c 61 6e 64 0d 0a,TA0006 T1110 T1110.000
743,50 41 53 53 20 36 36 37 37 38 38 0d 0a,TA0006 T1110 T1110.000
744,50 41 53 53 20 47 4f 32 57 4f 52 4b 0d 0a,TA0006 T1110 T1110.000
745,50 41 53 53 20 31 39 38 36 31 30 0d 0a,TA0006 T1110 T1110.000
746,50 41 53 53 20 77 61 6c 6c 65 0d 0a,TA0006 T1110 T1110.000
747,50 41 53 53 20 34 34 34 34 34 34 34 34 0d 0a,TA0006 T1110 T1110.000
748,50 41 53 53 20 31 31 31 31 31 31 31 31 31 31 31 0d 0a,TA0006 T1110 T1110.000
749,50 41 53 53 20 73 68 61 6e 67 68 61 69 0d 0a,TA0006 T1110 T1110.000
750,50 41 53 53 20 f0 61 73 73 30 35 30 30 30 34 0d 0a,TA0006 T1110 T1110.000
751,50 41 53 53 20 37 38 39 36 35 34 0d 0a,TA0006 T1110 T1110.000
752,50 41 53 53 20 78 78 31 32 33 34 35 36 0d 0a,TA0006 T1110 T1110.000
753,50 41 53 53 20 38 30 38 30 38 30 0d 0a,TA0006 T1110 T1110.000
754,50 41 53 53 20 62 61 6f 62 65 69 0d 0a,TA0006 T1110 T1110.000
755,50 41 53 53 20 71 31 32 33 34 35 0d 0a,TA0006 T1110 T1110.000
756,50 41 53 53 20 61 31 62 32 63 33 0d 0a,TA0006 T1110 T1110.000
757,50 41 53 53 20 32 32 35 35 38 38 0d 0a,TA0006 T1110 T1110.000
758,50 41 53 53 20 31 32 33 34 35 36 37 38 39 2e 2e 0d 0a,TA0006 T1110 T1110.000
759,50 41 53 53 20 79 79 31 32 33 34 35 36 0d 0a,TA0006 T1110 T1110.000
760,50 41 53 53 20 67 32 32 37 77 32 31 32 0d 0a,TA0006 T1110 T1110.000
761,50 41 53 53 20 41 44 4d 49 4e 31 0d 0a,TA0006 T1110 T1110.000
762,50 41 53 53 20 4a 49 41 4f 4a 49 41 4f 0d 0a,TA0006 T1110 T1110.000
763,50 41 53 53 20 78 69 6e 78 69 6e 0d 0a,TA0006 T1110 T1110.000
764,50 41 53 53 20 30 31 30 31 30 31 0d 0a,TA0006 T1110 T1110.000
765,50 41 53 53 20 31 39 38 36 31 32 31 32 0d 0a,TA0006 T1110 T1110.000
766,50 41 53 53 20 30 2e 31 32 33 34 35 36 0d 0a,TA0006 T1110 T1110.000
767,50 41 53 53 20 31 32 35 31 32 35 0d 0a,TA0006 T1110 T1110.000
768,50 41 53 53 20 34 35 36 37 38 39 31 32 33 0d 0a,TA0006 T1110 T1110.000
769,50 41 53 53 20 31 39 38 35 31 30 31 30 0d 0a,TA0006 T1110 T1110.000
770,50 41 53 53 20 6e 69 73 68 69 73 68 75 69 0d 0a,TA0006 T1110 T1110.000
771,50 41 53 53 20 70 31 61 36 73 33 6d 0d 0a,TA0006 T1110 T1110.000
772,50 41 53 53 20 49 6c 6f 76 65 79 6f 75 31 33 31 34 0d 0a,TA0006 T1110 T1110.000
773,50 41 53 53 20 61 73 64 61 73 64 31 32 33 0d 0a,TA0006 T1110 T1110.000
774,50 41 53 53 20 7a 68 61 6e 67 6c 69 61 6e 67 0d 0a,TA0006 T1110 T1110.000
775,50 41 53 53 20 63 68 65 6e 6a 69 61 6e 0d 0a,TA0006 T1110 T1110.000
776,50 41 53 53 20 6e 69 73 68 69 77 6f 64 65 0d 0a,TA0006 T1110 T1110.000
777,50 41 53 53 20 f0 61 73 73 30 37 30 37 30 30 0d 0a,TA0006 T1110 T1110.000
778,50 41 53 53 20 36 33 35 32 34 31 0d 0a,TA0006 T1110 T1110.000
779,50 41 53 53 20 77 6f 61 69 6e 69 6d 61 6d 61 0d 0a,TA0006 T1110 T1110.000
780,50 41 53 53 20 6f 6c 69 76 65 72 0d 0a,TA0006 T1110 T1110.000
781,50 41 53 53 20 39 36 33 32 35 38 0d 0a,TA0006 T1110 T1110.000
782,50 41 53 53 20 31 31 31 31 31 32 0d 0a,TA0006 T1110 T1110.000
783,50 41 53 53 20 31 33 30 31 33 30 0d 0a,TA0006 T1110 T1110.000
784,50 41 53 53 20 35 31 32 31 33 31 34 0d 0a,TA0006 T1110 T1110.000
785,50 41 53 53 20 6a 69 61 6e 67 31 32 33 0d 0a,TA0006 T1110 T1110.000
786,50 41 53 53 20 63 79 32 31 30 0d 0a,TA0006 T1110 T1110.000
787,50 41 53 53 20 6e 69 73 68 69 7a 68 75 0d 0a,TA0006 T1110 T1110.000
788,50 41 53 53 20 77 6f 78 69 68 75 61 6e 6e 69 0d 0a,TA0006 T1110 T1110.000
789,50 41 53 53 20 73 75 6e 73 68 69 6e 65 0d 0a,TA0006 T1110 T1110.000
790,50 41 53 53 20 68 75 79 69 6d 69 6e 67 0d 0a,TA0006 T1110 T1110.000
791,50 41 53 53 20 5a 48 55 5a 48 55 0d 0a,TA0006 T1110 T1110.000
792,50 41 53 53 20 79 69 6e 67 79 69 6e 67 0d 0a,TA0006 T1110 T1110.000
793,50 41 53 53 20 31 39 38 34 31 30 32 30 0d 0a,TA0006 T1110 T1110.000
794,50 41 53 53 20 41 53 44 46 47 48 4a 0d 0a,TA0006 T1110 T1110.000
795,50 41 53 53 20 31 32 33 36 39 38 37 0d 0a,TA0006 T1110 T1110.000
796,50 41 53 53 20 78 79 31 32 33 34 35 36 0d 0a,TA0006 T1110 T1110.000
797,50 41 53 53 20 74 69 61 6e 79 61 0d 0a,TA0006 T1110 T1110.000
798,50 41 53 53 20 31 32 33 31 32 33 71 71 0d 0a,TA0006 T1110 T1110.000
799,50 41 53 53 20 74 69 61 6e 73 68 69 0d 0a,TA0006 T1110 T1110.000
800,50 41 53 53 20 31 33 34 36 37 39 32 35 38 0d 0a,TA0006 T1110 T1110.000
801,50 41 53 53 20 6c 6f 76 65 6c 6f 76 65 0d 0a,TA0006 T1110 T1110.000
802,50 41 53 53 20 35 35 36 36 37 37 0d 0a,TA0006 T1110 T1110.000
803,50 41 53 53 20 4a 6f 72 64 61 6e 0d 0a,TA0006 T1110 T1110.000
804,50 41 53 53 20 7a 65 62 72 61 0d 0a,TA0006 T1110 T1110.000
805,50 41 53 53 20 77 6f 73 68 69 77 6f 0d 0a,TA0006 T1110 T1110.000
806,50 41 53 53 20 71 77 65 72 31 32 33 34 35 36 0d 0a,TA0006 T1110 T1110.000
807,50 41 53 53 20 4e 45 54 57 4f 52 4b 50 34 53 53 0d 0a,TA0006 T1110 T1110.000
808,50 41 53 53 20 6d 65 6e 67 6d 65 6e 67 0d 0a,TA0006 T1110 T1110.000
809,50 41 53 53 20 77 65 6e 77 65 6e 0d 0a,TA0006 T1110 T1110.000
810,50 41 53 53 20 6a 69 61 6e 6a 69 61 6e 0d 0a,TA0006 T1110 T1110.000
811,50 41 53 53 20 35 32 30 31 33 31 34 71 0d 0a,TA0006 T1110 T1110.000
812,50 41 53 53 20 50 41 53 53 57 4f 52 44 0d 0a,TA0006 T1110 T1110.000
813,50 41 53 53 20 41 64 6d 69 6e 31 35 30 32 0d 0a,TA0006 T1110 T1110.000
814,50 41 53 53 20 68 69 64 64 65 6e 0d 0a,TA0006 T1110 T1110.000
815,50 41 53 53 20 31 31 30 31 31 32 0d 0a,TA0006 T1110 T1110.000
816,50 41 53 53 20 77 6f 7a 68 69 61 69 6e 69 0d 0a,TA0006 T1110 T1110.000
817,50 41 53 53 20 31 32 33 33 32 31 30 0d 0a,TA0006 T1110 T1110.000
818,50 41 53 53 20 31 39 38 37 31 32 0d 0a,TA0006 T1110 T1110.000
819,50 41 53 53 20 77 35 32 30 31 33 31 34 0d 0a,TA0006 T1110 T1110.000
820,50 41 53 53 20 31 39 38 36 31 30 31 32 0d 0a,TA0006 T1110 T1110.000
821,50 41 53 53 20 31 39 38 36 31 32 31 30 0d 0a,TA0006 T1110 T1110.000
822,50 41 53 53 20 71 31 32 33 34 35 36 37 0d 0a,TA0006 T1110 T1110.000
823,50 41 53 53 20 6d 79 6c 6f 76 65 0d 0a,TA0006 T1110 T1110.000
824,50 41 53 53 20 32 31 30 31 0d 0a,TA0006 T1110 T1110.000
825,50 41 53 53 20 31 39 38 34 31 30 32 35 0d 0a,TA0006 T1110 T1110.000
826,50 41 53 53 20 33 36 39 39 36 33 0d 0a,TA0006 T1110 T1110.000
827,50 41 53 53 20 77 61 6e 67 70 65 6e 67 0d 0a,TA0006 T1110 T1110.000
828,50 41 53 53 20 39 38 37 34 35 36 33 32 31 0d 0a,TA0006 T1110 T1110.000
829,50 41 53 53 20 6c 69 6e 67 6c 69 6e 67 0d 0a,TA0006 T1110 T1110.000
830,50 41 53 53 20 71 61 7a 31 32 33 34 35 36 37 38 39 0d 0a,TA0006 T1110 T1110.000
831,50 41 53 53 20 77 61 6e 67 77 61 6e 67 0d 0a,TA0006 T1110 T1110.000
832,50 41 53 53 20 33 32 31 31 32 33 0d 0a,TA0006 T1110 T1110.000
833,50 41 53 53 20 48 6f 73 74 31 32 33 0d 0a,TA0006 T1110 T1110.000
834,50 41 53 53 20 33 34 34 31 36 39 31 32 0d 0a,TA0006 T1110 T1110.000
835,50 41 53 53 20 34 35 36 32 35 38 0d 0a,TA0006 T1110 T1110.000
836,50 41 53 53 20 6e 65 31 34 61 36 39 0d 0a,TA0006 T1110 T1110.000
837,50 41 53 53 20 31 33 31 34 77 6f 61 69 6e 69 0d 0a,TA0006 T1110 T1110.000
838,50 41 53 53 20 78 69 61 6f 6d 69 6e 67 0d 0a,TA0006 T1110 T1110.000
839,50 41 53 53 20 31 39 34 39 31 30 30 31 0d 0a,TA0006 T1110 T1110.000
840,50 41 53 53 20 71 77 65 61 73 64 31 32 33 0d 0a,TA0006 T1110 T1110.000
841,50 41 53 53 20 31 33 31 34 35 32 30 31 32 33 0d 0a,TA0006 T1110 T1110.000
842,50 41 53 53 20 31 39 38 34 31 32 0d 0a,TA0006 T1110 T1110.000
843,50 41 53 53 20 37 37 38 38 32 35 30 0d 0a,TA0006 T1110 T1110.000
844,50 41 53 53 20 64 61 79 30 31 30 33 0d 0a,TA0006 T1110 T1110.000
845,50 41 53 53 20 35 34 33 32 31 0d 0a,TA0006 T1110 T1110.000
846,50 41 53 53 20 37 37 35 38 35 32 31 31 32 33 0d 0a,TA0006 T1110 T1110.000
847,50 41 53 53 20 72 6f 6f 74 30 30 30 30 30 36 0d 0a,TA0006 T1110 T1110.000
848,50 41 53 53 20 31 32 33 31 32 33 34 35 36 0d 0a,TA0006 T1110 T1110.000
849,50 41 53 53 20 6c 6f 76 65 6d 65 0d 0a,TA0006 T1110 T1110.000
850,50 41 53 53 20 75 62 71 65 0d 0a,TA0006 T1110 T1110.000
851,50 41 53 53 20 37 37 35 38 32 35 38 35 32 30 0d 0a,TA0006 T1110 T1110.000
852,50 41 53 53 20 31 2e 33 31 34 35 32 45 2b 31 33 0d 0a,TA0006 T1110 T1110.000
853,50 41 53 53 20 31 39 38 34 31 30 32 34 0d 0a,TA0006 T1110 T1110.000
854,50 41 53 53 20 63 6f 6f 6b 69 65 31 0d 0a,TA0006 T1110 T1110.000
855,50 41 53 53 20 32 39 30 39 36 36 0d 0a,TA0006 T1110 T1110.000
856,50 41 53 53 20 63 68 65 6e 31 32 33 34 35 36 0d 0a,TA0006 T1110 T1110.000
857,50 41 53 53 20 31 31 32 33 35 38 31 33 0d 0a,TA0006 T1110 T1110.000
858,50 41 53 53 20 31 34 37 38 39 36 33 0d 0a,TA0006 T1110 T1110.000
859,50 41 53 53 20 32 30 32 30 32 30 0d 0a,TA0006 T1110 T1110.000
860,50 41 53 53 20 31 32 33 34 35 36 35 32 30 0d 0a,TA0006 T1110 T1110.000
861,50 41 53 53 20 41 6c 65 78 30 31 30 36 30 35 0d 0a,TA0006 T1110 T1110.000
862,50 41 53 53 20 38 31 31 30 30 39 0d 0a,TA0006 T1110 T1110.000
863,50 41 53 53 20 73 68 61 6e 67 78 69 6e 0d 0a,TA0006 T1110 T1110.000
864,50 41 53 53 20 70 61 73 73 31 32 33 0d 0a,TA0006 T1110 T1110.000
865,50 41 53 53 20 61 31 34 37 32 35 38 33 36 39 0d 0a,TA0006 T1110 T1110.000
866,50 41 53 53 20 32 32 33 33 34 34 0d 0a,TA0006 T1110 T1110.000
867,50 41 53 53 20 31 36 38 39 37 31 36 38 0d 0a,TA0006 T1110 T1110.000
868,50 41 53 53 20 50 41 53 53 31 32 33 0d 0a,TA0006 T1110 T1110.000
869,50 41 53 53 20 33 36 39 33 36 39 33 36 39 0d 0a,TA0006 T1110 T1110.000
870,50 41 53 53 20 36 35 34 33 32 31 30 0d 0a,TA0006 T1110 T1110.000
871,50 41 53 53 20 71 71 71 31 32 33 0d 0a,TA0006 T1110 T1110.000
872,50 41 53 53 20 71 71 31 32 33 34 35 0d 0a,TA0006 T1110 T1110.000
873,50 41 53 53 20 61 62 63 64 31 32 33 34 35 0d 0a,TA0006 T1110 T1110.000
874,50 41 53 53 20 31 39 38 36 31 30 31 36 0d 0a,TA0006 T1110 T1110.000
875,50 41 53 53 20 31 39 38 36 31 30 32 30 0d 0a,TA0006 T1110 T1110.000
876,50 41 53 53 20 7a 7a 7a 7a 7a 7a 7a 7a 0d 0a,TA0006 T1110 T1110.000
877,50 41 53 53 20 33 32 33 32 33 32 0d 0a,TA0006 T1110 T1110.000
878,50 41 53 53 20 32 35 32 35 32 35 0d 0a,TA0006 T1110 T1110.000
879,50 41 53 53 20 31 32 33 30 0d 0a,TA0006 T1110 T1110.000
880,50 41 53 53 20 61 31 31 31 31 31 31 31 0d 0a,TA0006 T1110 T1110.000
881,50 41 53 53 20 68 68 68 68 68 68 0d 0a,TA0006 T1110 T1110.000
882,50 41 53 53 20 38 38 38 31 36 38 0d 0a,TA0006 T1110 T1110.000
883,50 41 53 53 20 78 69 6e 67 78 69 6e 67 0d 0a,TA0006 T1110 T1110.000
884,50 41 53 53 20 30 30 30 30 0d 0a,TA0006 T1110 T1110.000
885,50 41 53 53 20 33 31 34 31 35 39 32 36 35 33 0d 0a,TA0006 T1110 T1110.000
886,50 41 53 53 20 7a 68 61 6e 67 74 61 6f 0d 0a,TA0006 T1110 T1110.000
887,50 41 53 53 20 31 33 31 34 31 35 0d 0a,TA0006 T1110 T1110.000
888,50 41 53 53 20 6c 6c 6c 6c 6c 6c 0d 0a,TA0006 T1110 T1110.000
889,50 41 53 53 20 36 37 30 32 33 0d 0a,TA0006 T1110 T1110.000
890,50 41 53 53 20 31 32 33 31 32 33 30 30 0d 0a,TA0006 T1110 T1110.000
891,50 41 53 53 20 70 6f 77 65 72 0d 0a,TA0006 T1110 T1110.000
892,50 41 53 53 20 61 37 37 35 38 32 35 38 0d 0a,TA0006 T1110 T1110.000
893,50 41 53 53 20 31 32 33 34 35 36 2b 0d 0a,TA0006 T1110 T1110.000
894,50 41 53 53 20 77 61 6e 67 6c 69 61 6e 67 0d 0a,TA0006 T1110 T1110.000
895,50 41 53 53 20 34 35 36 36 35 34 0d 0a,TA0006 T1110 T1110.000
896,50 41 53 53 20 f0 61 73 73 30 35 30 31 30 38 0d 0a,TA0006 T1110 T1110.000
897,50 41 53 53 20 61 61 61 61 31 31 31 31 0d 0a,TA0006 T1110 T1110.000
898,50 41 53 53 20 31 30 30 31 30 30 0d 0a,TA0006 T1110 T1110.000
899,50 41 53 53 20 30 30 30 30 30 30 30 30 0d 0a,TA0006 T1110 T1110.000
900,50 41 53 53 20 70 70 2e 63 6f 6d 0d 0a,TA0006 T1110 T1110.000
901,50 41 53 53 20 31 32 31 33 31 34 31 35 31 36 0d 0a,TA0006 T1110 T1110.000
902,50 41 53 53 20 37 37 38 38 34 31 34 0d 0a,TA0006 T1110 T1110.000
903,50 41 53 53 20 67 61 62 72 69 65 6c 0d 0a,TA0006 T1110 T1110.000
904,50 41 53 53 20 62 75 67 61 6f 73 75 6e 69 0d 0a,TA0006 T1110 T1110.000
905,50 41 53 53 20 68 63 32 31 30 32 30 31 37 0d 0a,TA0006 T1110 T1110.000
906,50 41 53 53 20 32 35 38 32 35 38 37 37 35 38 0d 0a,TA0006 T1110 T1110.000
907,50 41 53 53 20 62 61 6f 62 65 69 35 32 30 0d 0a,TA0006 T1110 T1110.000
908,50 41 53 53 20 32 35 38 37 37 35 38 0d 0a,TA0006 T1110 T1110.000
909,50 41 53 53 20 37 34 31 37 34 31 0d 0a,TA0006 T1110 T1110.000
910,50 41 53 53 20 39 38 37 34 35 36 0d 0a,TA0006 T1110 T1110.000
911,50 41 53 53 20 73 75 6d 6d 65 72 0d 0a,TA0006 T1110 T1110.000
912,50 41 53 53 20 37 34 31 38 35 32 39 36 33 30 0d 0a,TA0006 T1110 T1110.000
913,50 41 53 53 20 30 36 39 30 0d 0a,TA0006 T1110 T1110.000
914,50 41 53 53 20 7a 68 61 6e 67 63 68 61 6f 0d 0a,TA0006 T1110 T1110.000
915,50 41 53 53 20 31 32 33 35 36 37 0d 0a,TA0006 T1110 T1110.000
916,50 41 53 53 20 61 62 63 64 65 31 32 33 34 35 0d 0a,TA0006 T1110 T1110.000
917,50 41 53 53 20 77 6f 6d 65 6e 64 65 61 69 0d 0a,TA0006 T1110 T1110.000
918,50 41 53 53 20 31 39 38 34 31 30 31 30 0d 0a,TA0006 T1110 T1110.000
919,50 41 53 53 20 61 30 30 30 30 30 0d 0a,TA0006 T1110 T1110.000
920,50 41 53 53 20 61 63 63 65 73 73 0d 0a,TA0006 T1110 T1110.000
921,50 41 53 53 20 63 6f 75 6e 74 65 72 0d 0a,TA0006 T1110 T1110.000
922,50 41 53 53 20 70 61 73 73 30 35 30 33 30 36 0d 0a,TA0006 T1110 T1110.000
923,50 41 53 53 20 65 64 75 61 72 64 6f 0d 0a,TA0006 T1110 T1110.000
924,50 41 53 53 20 64 65 6d 6f 30 35 30 33 0d 0a,TA0006 T1110 T1110.000
925,50 41 53 53 20 66 65 6c 69 78 0d 0a,TA0006 T1110 T1110.000
926,50 41 53 53 20 63 69 73 63 6f 31 32 0d 0a,TA0006 T1110 T1110.000
927,50 41 53 53 20 62 65 61 67 6c 65 0d 0a,TA0006 T1110 T1110.000
928,50 41 53 53 20 66 72 69 73 63 6f 0d 0a,TA0006 T1110 T1110.000
929,50 41 53 53 20 32 31 30 31 39 39 31 0d 0a,TA0006 T1110 T1110.000
930,50 41 53 53 20 31 32 34 31 33 0d 0a,TA0006 T1110 T1110.000
931,50 41 53 53 20 62 6f 6e 6a 6f 75 72 0d 0a,TA0006 T1110 T1110.000
932,50 41 53 53 20 73 6e 6f 77 62 61 6c 6c 0d 0a,TA0006 T1110 T1110.000
933,50 41 53 53 20 7a 7a 7a 7a 7a 7a 0d 0a,TA0006 T1110 T1110.000
934,50 41 53 53 20 73 6b 79 64 69 76 65 0d 0a,TA0006 T1110 T1110.000
935,50 41 53 53 20 64 69 63 6b 68 65 61 64 0d 0a,TA0006 T1110 T1110.000
936,50 41 53 53 20 73 74 65 65 6c 0d 0a,TA0006 T1110 T1110.000
937,50 41 53 53 20 66 6f 72 65 73 69 67 68 74 0d 0a,TA0006 T1110 T1110.000
938,50 41 53 53 20 70 61 73 73 30 30 30 35 30 34 0d 0a,TA0006 T1110 T1110.000
939,50 41 53 53 20 f0 61 73 73 30 38 30 36 30 32 0d 0a,TA0006 T1110 T1110.000
940,50 41 53 53 20 7a 7a 31 32 33 34 35 36 0d 0a,TA0006 T1110 T1110.000
941,50 41 53 53 20 51 57 41 53 5a 58 0d 0a,TA0006 T1110 T1110.000
942,50 41 53 53 20 43 79 32 31 30 0d 0a,TA0006 T1110 T1110.000
943,50 41 53 53 20 31 32 33 34 35 68 63 32 31 30 0d 0a,TA0006 T1110 T1110.000
944,50 41 53 53 20 63 6f 6e 64 6f 6d 0d 0a,TA0006 T1110 T1110.000
945,50 41 53 53 20 6c 65 74 6d 65 69 6e 0d 0a,TA0006 T1110 T1110.000
946,50 41 53 53 20 68 63 32 31 30 0d 0a,TA0006 T1110 T1110.000
947,50 41 53 53 20 31 32 34 35 37 38 0d 0a,TA0006 T1110 T1110.000
948,50 41 53 53 20 39 39 35 38 31 32 33 0d 0a,TA0006 T1110 T1110.000
949,50 41 53 53 20 51 77 30 34 30 37 0d 0a,TA0006 T1110 T1110.000
950,50 41 53 53 20 30 39 30 39 30 39 0d 0a,TA0006 T1110 T1110.000
951,50 41 53 53 20 63 6c 69 66 66 0d 0a,TA0006 T1110 T1110.000
952,50 41 53 53 20 6d 61 6f 6d 61 6f 0d 0a,TA0006 T1110 T1110.000
953,50 41 53 53 20 41 6c 65 78 30 34 30 31 30 34 0d 0a,TA0006 T1110 T1110.000
954,50 41 53 53 20 35 38 34 31 33 31 34 35 32 31 0d 0a,TA0006 T1110 T1110.000
955,50 41 53 53 20 53 61 6d 6d 79 0d 0a,TA0006 T1110 T1110.000
956,50 41 53 53 20 31 32 33 34 36 35 0d 0a,TA0006 T1110 T1110.000
957,50 41 53 53 20 61 73 64 66 31 32 33 0d 0a,TA0006 T1110 T1110.000
958,50 41 53 53 20 32 30 31 34 32 31 30 0d 0a,TA0006 T1110 T1110.000
959,50 41 53 53 20 61 61 31 32 33 34 35 36 37 38 39 0d 0a,TA0006 T1110 T1110.000
960,50 41 53 53 20 6e 69 73 73 65 0d 0a,TA0006 T1110 T1110.000
961,50 41 53 53 20 31 32 33 34 35 31 32 33 34 35 0d 0a,TA0006 T1110 T1110.000
962,50 41 53 53 20 6d 69 63 72 6f 73 6f 66 74 0d 0a,TA0006 T1110 T1110.000
963,50 41 53 53 20 36 31 32 30 30 35 0d 0a,TA0006 T1110 T1110.000
964,50 41 53 53 20 31 32 33 34 38 37 36 35 0d 0a,TA0006 T1110 T1110.000
965,50 41 53 53 20 61 30 32 30 38 0d 0a,TA0006 T1110 T1110.000
966,50 41 53 53 20 67 69 6e 6f 0d 0a,TA0006 T1110 T1110.000
967,50 41 53 53 20 30 30 30 34 35 34 0d 0a,TA0006 T1110 T1110.000
968,50 41 53 53 20 64 6f 6c 6c 61 72 73 0d 0a,TA0006 T1110 T1110.000
969,50 41 53 53 20 6e 69 63 68 6f 6c 61 73 0d 0a,TA0006 T1110 T1110.000
970,50 41 53 53 20 63 6c 75 73 74 65 72 73 0d 0a,TA0006 T1110 T1110.000
971,50 41 53 53 20 32 30 31 34 36 31 0d 0a,TA0006 T1110 T1110.000
972,50 41 53 53 20 63 72 69 73 74 69 6e 61 0d 0a,TA0006 T1110 T1110.000
973,50 41 53 53 20 77 70 63 30 30 30 38 32 31 0d 0a,TA0006 T1110 T1110.000
974,50 41 53 53 20 40 31 36 33 2e 63 6f 6d 0d 0a,TA0006 T1110 T1110.000
975,50 41 53 53 20 31 32 31 31 32 31 0d 0a,TA0006 T1110 T1110.000
976,50 41 53 53 20 61 62 63 64 31 32 33 34 35 36 37 38 39 0d 0a,TA0006 T1110 T1110.000
977,50 41 53 53 20 6e 69 68 61 6f 31 32 33 0d 0a,TA0006 T1110 T1110.000
978,50 41 53 53 20 36 38 36 38 36 38 0d 0a,TA0006 T1110 T1110.000
979,50 41 53 53 20 6c 65 61 68 0d 0a,TA0006 T1110 T1110.000
980,50 41 53 53 20 31 33 31 34 32 35 0d 0a,TA0006 T1110 T1110.000
981,50 41 53 53 20 69 62 36 75 62 39 0d 0a,TA0006 T1110 T1110.000
982,50 41 53 53 20 77 6f 73 68 69 7a 68 75 0d 0a,TA0006 T1110 T1110.000
983,50 41 53 53 20 63 6c 61 69 72 65 0d 0a,TA0006 T1110 T1110.000
984,50 41 53 53 20 7a 68 61 6e 67 79 61 6e 67 0d 0a,TA0006 T1110 T1110.000
985,50 41 53 53 20 61 62 63 31 32 33 34 35 0d 0a,TA0006 T1110 T1110.000
986,50 41 53 53 20 62 65 79 6f 6e 64 0d 0a,TA0006 T1110 T1110.000
987,50 41 53 53 20 77 6f 6b 61 6f 6e 69 6d 61 0d 0a,TA0006 T1110 T1110.000
988,50 41 53 53 20 31 32 33 34 35 36 37 38 39 61 73 64 0d 0a,TA0006 T1110 T1110.000
989,50 41 53 53 20 33 33 32 32 31 31 0d 0a,TA0006 T1110 T1110.000
990,50 41 53 53 20 35 32 30 31 33 31 34 71 71 0d 0a,TA0006 T1110 T1110.000
991,50 41 53 53 20 6c 69 75 63 68 61 6e 67 0d 0a,TA0006 T1110 T1110.000
992,50 41 53 53 20 7a 68 61 6e 67 35 32 30 0d 0a,TA0006 T1110 T1110.000
993,50 41 53 53 20 71 71 30 30 30 30 30 30 0d 0a,TA0006 T1110 T1110.000
994,50 41 53 53 20 31 39 39 35 36 31 0d 0a,TA0006 T1110 T1110.000
995,50 41 53 53 20 31 38 31 38 31 38 0d 0a,TA0006 T1110 T1110.000
996,50 41 53 53 20 73 61 6d 69 61 6d 0d 0a,TA0006 T1110 T1110.000
997,50 41 53 53 20 7a 68 61 6e 67 79 75 0d 0a,TA0006 T1110 T1110.000
998,50 41 53 53 20 39 39 39 38 38 38 0d 0a,TA0006 T1110 T1110.000
999,50 41 53 53 20 34 35 36 34 35 36 34 35 36 0d 0a,TA0006 T1110 T1110.000
1000,50 41 53 53 20 62 75 6c 6c 73 0d 0a,TA0006 T1110 T1110.000
1001,50 41 53 53 20 31 32 33 31 32 33 30 0d 0a,TA0006 T1110 T1110.000
1002,50 41 53 53 20 31 32 33 34 35 71 77 65 72 74 0d 0a,TA0006 T1110 T1110.000
1003,50 41 53 53 20 32 33 34 35 36 37 0d 0a,TA0006 T1110 T1110.000
1004,50 41 53 53 20 61 31 32 33 31 32 33 31 32 33 0d 0a,TA0006 T1110 T1110.000
1005,50 41 53 53 20 51 57 45 72 74 79 55 49 4f 0d 0a,TA0006 T1110 T1110.000
1006,50 41 53 53 20 79 61 6e 67 31 32 33 34 35 36 0d 0a,TA0006 T1110 T1110.000
1007,50 41 53 53 20 68 61 6f 31 32 33 0d 0a,TA0006 T1110 T1110.000
1008,50 41 53 53 20 37 37 35 38 35 32 31 61 0d 0a,TA0006 T1110 T1110.000
1009,50 41 53 53 20 74 6f 6d 2e 63 6f 6d 0d 0a,TA0006 T1110 T1110.000
1010,50 41 53 53 20 71 35 32 30 31 33 31 34 0d 0a,TA0006 T1110 T1110.000
1011,50 41 53 53 20 36 32 33 36 32 33 36 32 33 0d 0a,TA0006 T1110 T1110.000
1012,50 41 53 53 20 35 35 36 36 38 38 0d 0a,TA0006 T1110 T1110.000
1013,50 41 53 53 20 31 31 30 31 31 39 31 32 30 0d 0a,TA0006 T1110 T1110.000
1014,50 41 53 53 20 37 37 35 38 39 39 31 0d 0a,TA0006 T1110 T1110.000
1015,50 41 53 53 20 31 39 38 36 31 31 0d 0a,TA0006 T1110 T1110.000
1016,50 41 53 53 20 71 31 31 31 31 31 0d 0a,TA0006 T1110 T1110.000
1017,50 41 53 53 20 78 69 61 6f 79 75 0d 0a,TA0006 T1110 T1110.000
1018,50 41 53 53 20 31 36 37 36 36 39 31 32 33 0d 0a,TA0006 T1110 T1110.000
1019,50 41 53 53 20 32 35 39 37 37 35 38 0d 0a,TA0006 T1110 T1110.000
1020,50 41 53 53 20 61 31 32 33 33 32 31 0d 0a,TA0006 T1110 T1110.000
1021,50 41 53 53 20 77 6f 73 68 69 6e 69 62 61 0d 0a,TA0006 T1110 T1110.000
1022,50 41 53 53 20 37 37 30 38 38 30 0d 0a,TA0006 T1110 T1110.000
